"Text","Freq","Codi"
"HIPERCOLESTEROLEMIA",2829,2720
"ALERGIA",2761,9953
"HTA",2451,4019
"MIGRANA",1438,34690
"RINITIS",1263,4720
"DEPRESION",951,311
"ASMA",876,49390
"ECZEMA",781,6929
"HELICOBACTER",743,04186
"POLIPOS",648,5690
"PSORIASIS",614,6968
"DIABETES",559,25000
"OSTEOPOROSIS",524,73300
"ARTRITIS",489,7149
"CANCER",366,1991
"COLESTEROL",246,2720
"HIPOTIROIDISME",222,2449
"TIROIDES",212,2469
"ANSIETAT",173,30000
"DOLOR",173,78096
"ANSIEDAD",169,30000
"HIPOTIROIDISMO",163,2449
"GENETICA_HEREDITARIA",150,V189
"DORMIR",148,78050
"ARTROSIS",145,71590
"FIBROMIALGIA",131,7291
"DEPRESSIO",89,311
"ANEMIA",85,2859
"PROSTATA",84,6029
"MAL DE CAP",82,7840
"HERNIA DE HIATO",82,5533
"GLAUCOMA",78,3659
"EPOC",75,496
"HERNIA DISCAL",65,72290
"INSOMNI",63,78050
"DOLOR DE CABEZA",57,7840
"DEPRESIO",56,311
"COLITIS",48,5589
"ACIDO URICO",46,2749
"ICTUS",45,4149
"ESTOMAGO",42,5369
"INSOMNIO",40,78050
"MENOPAUSIA",37,6279
"ACID URIC",36,2749
"TENSION",36,4019
"ANTICONCEPTIU",35,V259
"INFARTO",34,41090
"PER DORMIR",33,78050
"ANGINA",32,41090
"PARA DORMIR",31,78050
"ESTOMAC",31,5369
"HERNIA HIATO",30,5533
"ANGOIXA",26,30000
"HEPATITIS",26,57140
"LUPUS",26,7100
"LUMBALGIA",26,7242
"HIPERTENSION",23,4019
"PROTECTOR",23,000
"ARTROSI",22,71590
"ENDOMETRIOSIS",21,6179
"NERVIOS",21,79921
"HIPERTIROIDISMO",20,24291
"OSTEOPENIA",20,73329
"MENOPAUSA",20,6279
"HIPERTIROIDISME",19,24291
"DOLORES",19,78096
"ESTRES",18,3089
"PROTECTOR ESTOMAGO",18,000
"CROHN",17,5559
"BRONQUITIS",16,490
"GASTRITIS",16,53550
"DOLOR MUSCULAR",16,7291
"VARIUS",15,4549
"CIRCULACIO",15,4599
"RESTRENYIMENT",15,5649
"CELIAQUIA",15,5790
"CALCIO",14,27540
"ESQUIZOFRENIA",14,29590
"EPILEPSIA",14,34590
"CIRCULACION",14,4599
"COLON IRRITABLE",14,5641
"PROTECTOR ESTOMAC",14,000
"HIPERTENSIO",13,4019
"REFLUJO",13,53081
"PROTECTOR ESTOMACAL",13,000
"RELAJANTE MUSCULAR",12,7291
"VITAMINA D",11,2689
"HIPERPLASIA BENIGNA DE PROSTATA",11,60000
"DOLOR ARTICULAR",11,71940
"DOLOR DE ESPALDA",11,7245
"HUESOS",11,73390
"VERTIGOS",11,7804
"DEPRESION LEVE",10,311
"CEFALEA",10,7840
"MIGRANYA",10,34690
"PERICARDITIS",10,42090
"ARRITMIA",10,4279
"VARICES",10,4549
"HERNIA DE IATO",10,5533
"PROSTATITIS",10,6019
"TENDINITIS",10,72690
"OSTEOPOROSI",10,73300
"INCONTINENCIA",10,78830
"ARRITMIES",10,4279
"DEFICIT VITAMINA D",10,2689
"PROTECTOR GASTRIC",10,000
"TENSION OCULAR",10,36504
"TUBERCULOSIS",9,01190
"VITAMINAS",9,2692
"GOTA",9,2749
"POLIPOS NASALES",9,4719
"NEUMONIA",9,4809
"ESOFAGITIS",9,53010
"ALOPECIA",9,70400
"DOLOR LUMBAR",9,7242
"MALESTAR GENERAL",9,78079
"NERVIS",9,79921
"ANTICONCEPTIUS",9,V259
"COR",9,4299
"DOLORS",9,78096
"ESTAT D'ANIM",9,29690
"ANEMIA FERROPENICA",8,2809
"DISTIMIA",8,3004
"TENSION ALTA",8,4019
"TENSION ARTERIAL",8,4019
"DISMENORREA",8,6253
"ARTROSIS DEGENERATIVA",8,71590
"DOLOR ESPALDA",8,7245
"CIATICA",8,7243
"OSSOS",8,73390
"ANTICONCEPTIVOS",8,V259
"DOLOR CABEZA",8,7840
"PROTECCIO ESTOMAC",8,000
"REFLUXE",8,53081
"REFREDAT",8,460
"RELAJANTE",8,000
"VERTIGEN",8,7804
"MIOMA",7,2189
"TRIGLICERIDOS",7,2721
"TRASTORN BIPOLAR",7,29680
"ANSIOLITIC",7,30000
"ANTIDEPRESIVO",7,311
"REFLUJO GASTRICO",7,53081
"GASTRITIS CRONICA",7,53550
"HERNIA D'HIATUS",7,5533
"HERNIA DE HIATUS",7,5533
"DOLOR MENSTRUAL",7,6253
"FATIGA CRONICA",7,78071
"TAQUICARDIA",7,7850
"CAIGUDA CABELL",7,70400
"COLIC NEFRITIC",7,7880
"FALTA DE VITAMINA D",7,2689
"GENOLL",7,71946
"PRESSIO OCULAR",7,36504
"PREVENCIO",7,000
"PROTECTOR DE ESTOMAGO",7,000
"RETENCION DE LIQUIDOS",6,27669
"TOC",6,3003
"DEPRESSIO LLEU",6,311
"ANTIDEPRESIU",6,311
"TDAH",6,31401
"MENINGITIS",6,3229
"TENSIO",6,4019
"HEMORROIDES",6,4556
"RESFRIADO",6,460
"ACIDEZ",6,53081
"PANCREATITIS",6,5770
"LITIASIS RENAL",6,5920
"ROSACEA",6,6953
"HEPATITIS A",6,0701
"VITILIGO",6,70901
"VERTIGO",6,7804
"ACIDESA",6,53081
"ANTICONCEPTIVO",6,V259
"CALCULS RENALS",6,5920
"EMBARAS",6,000
"ENCOSTIPAT",6,460
"FASCITIS PLANTAR",6,7294
"REDUCCIO ESTOMAC",6,V4586
"REFLUXE GASTRIC",6,53081
"SUCRE",6,79029
"SUENO",6,78050
"MENOPAUSIA PRECOZ",5,25631
"OBESIDAD",5,27800
"CEFALEA TENSIONAL",5,30781
"DEPRESIO LLEU",5,311
"ESTRENYIMENT",5,5649
"HIGADO GRASO",5,5719
"LIQUEN PLANO",5,6970
"HERNIA CERVICAL",5,72273
"CERVICALGIA",5,7231
"MALESTAR",5,78079
"DIURETICO",5,78820
"ARDORES",5,5369
"CALCI",5,27540
"DEPRESION Y ANSIEDAD",5,311
"DIGESTIO",5,5369
"DIVERTICULITIS",5,
"DOLOR ESQUENA",5,7245
"ESPALDA",5,7245
"ESTAT ANIMIC",5,29690
"ESTOMAG",5,5369
"FALTA DE FERRO",5,2809
"FALTA VITAMINA D",5,2689
"FERRO",5,2809
"HERPES ZOSTER",5,0539
"HIERRO",5,2809
"HORMONAL",5,
"IMSOMNI",5,78050
"MENSTRUACIO",5,6269
"PARA EL DOLOR",5,78096
"PROTECTOR D'ESTOMAC",5,000
"PROTECTOR GASTRICO",5,000
"REGLA",5,6269
"TUBERCULOSI",5,01190
"TIROIDITIS DE HASHIMOTO",4,2452
"TIROIDITIS",4,2459
"ESTADO DE ANIMO",4,29690
"PSIQUIATRA (TOC)",4,3003
"ANTIDEPRESSIU",4,311
"DEPRESION - ANSIEDAD",4,311
"MIELITIS",4,3239
"CONJUNTIVITIS",4,37230
"TENSIO ALTA",4,4019
"CORAZON",4,4299
"SINUSITIS",4,4739
"ARDOR DE ESTOMAGO",4,5369
"DISPEPSIA",4,5368
"APENDICITIS",4,5409
"HERNIA INGUINAL",4,55090
"HERNIA HIATUS",4,5533
"HIPERPLASIA PROSTATA",4,60000
"CARTILAGOS",4,73390
"CEFALEAS",4,7231
"DOLORES MUSCULARES",4,7291
"DOLOR DE HUESOS",4,73329
"OSTOPENIA",4,73390
"APNEA",4,78603
"TOS",4,7862
"ANTIINFLAMATORI",4,000
"ANTIINFLAMATORIS",4,000
"ARTICULACIONES",4,71940
"ARTICULACIONS",4,71940
"BAIXA VITAMINA D",4,2689
"BIPOLAR",4,29680
"BULIMIA",4,30751
"CONDROMALACIA ROTULIANA",4,73392
"CONTRACTURES",4,72885
"DEJAR DE FUMAR",4,
"DESCALCIFICACIO",4,27540
"DOLOR D'ESQUENA",4,7245
"DOLOR HUESOS",4,
"HERPES",4,
"IMSOMNIO",4,78050
"INFLAMACIO",4,000
"LUMBAGO",4,7242
"MAL D'ESQUENA",4,7245
"MANCA VITAMINA D",4,2689
"MONONUCLEOSI",4,075
"POLIPS NASALS",4,
"PROSTATITIS CRONICA",4,
"PROTECTOR ESTOMAG",4,000
"RELAXANT MUSCULAR",4,7291
"RETENCIO DE LIQUIDS",4,
"RETENCIO LIQUIDS",4,
"SEXUAL",4,
"SINDROME DE FATIGA CRONICA",4,
"TRIGLICERIDS",4,
"ULCERA",4,
"HIPOTIROIDES",3,2449
"TIROIDE",3,2469
"TIROIDISME",3,2469
"HIPERCOLESTEROLEMIA FAMILIAR",3,2720
"FALTA DE HIERRO",3,2809
"ANSIEDAD GENERALIZADA",3,30000
"TRASTORN ANSIETAT",3,30000
"PARA LA ANSIEDAD",3,30000
"DEPRESSIO REACTIVA",3,311
"DEPRESSIO MENOR",3,311
"PIERNAS INQUIETAS",3,33394
"ANALGESICO",3,78096
"PRESION OCULAR",3,36504
"HIPERTENSION ARTERIAL",3,4019
"ESOFAGUITIS",3,53010
"REFLUJOS",3,53081
"REFLUX GASTRIC",3,53081
"REFLUX",3,53081
"HERNIA HIAT",3,5533
"HERNIA DE IATUS",3,5533
"HERNIA DE YATO",3,5533
"ESTRENIMIENTO",3,5649
"FETGE GRAS",3,5719
"CALCULOS RENALES",3,5920
"COLICO NEFRITICO",3,7880
"CISTITIS",3,5959
"HIPERPLASIA BENIGNA",3,60000
"HBP",3,60000
"HIPERPLASIA BENIGNA PROSTATA",3,60000
"DERMATITIS SEBORREICA",3,69010
"DERMATITIS ATOPICA",3,6918
"ACNE ROSACEA",3,6953
"ARTROSI GENOLL",3,71590
"ARTROSIS RODILLA",3,71590
"ESPONDILITIS ANQUILOSANT",3,7200
"HERNIAS DISCALES",3,72290
"HERNIA DISCAL CERVICAL",3,72290
"CERVICALS",3,7231
"DOLOR CERVICAL",3,7231
"CERVICALES",3,7231
"ESQUENA",3,7245
"MAL DE ESQUENA",3,7245
"FIBROMALGIA",3,7291
"ESCOLIOSI",3,73739
"ESCOLIOSIS",3,73739
"PER A DORMIR",3,78050
"CANSAMENT",3,78079
"APNEA DE LA SON",3,78603
"AZUCAR",3,79029
"HIPERURICEMIA",3,7906
"FRACTURA COSTELLA",3,80700
"ALCOHOLISMO",3,
"ANSIETAT I DEPRESSIO",3,311
"ANTI-INFLAMATORI",3,000
"ANTIINFLAMATORIO",3,000
"ANTIINFLAMATORIOS",3,000
"APNEA DEL SUENO",3,78603
"ARITMIA",3,4279
"ARRITMIAS",3,4279
"ATROSIS",3,71590
"BACTERIA ESTOMACAL",3,
"BIPOLARIDAD",3,29680
"CAMES INQUIETES",3,33394
"CREMOR D'ESTOMAC",3,5369
"CREMOR ESTOMAC",3,5369
"DEPRESION MENOR",3,311
"DERMOGRAFISME",3,
"DOLOR CADERA",3,
"DOLOR CRONIC",3,78096
"DOLORS MUSCULARS",3,
"ENDOMETRIOSI",3,6179
"ESCLEROSIS MULTIPLE",3,340
"ESOFAGO DE BARRET",3,53085
"ESPALDA / CLINICA DOLOR",3,7245
"FALTA FERRO",3,2809
"FERRO BAIX",3,2809
"FERROPENIA",3,2809
"HERNIA",3,
"HIPERTENSIO OCULAR",3,36504
"IMSONIO",3,78050
"INCONTINENCIA URINARIA",3,
"INFECCIO D'ORINA",3,5990
"INFECCION ORINA",3,5990
"INTERVENCION QUIRURGICA REDUCCION DE ESTOMAGO",3,V4586
"LARINGE IRRITABLE",3,
"LUMBALGIA CRONICA",3,7242
"MAL ESQUENA",3,7245
"MALS DE CAP",3,7840
"MUSCULAR",3,
"NERVIO CIATICO",3,7243
"NEURALGIA",3,7292
"NODULOS TIROIDES",3,
"NO MOTILITAT INTESTINAL",3,
"ORINA",3,5990
"PALPITACIONES",3,
"PARA LOS HUESOS",3,
"PARQUISON",3,3320
"PEDRES VESICULA",3,
"PER QUEDAR-ME EMBARASSADA",3,000
"PICORS",3,
"PIEDRA EN EL RINON",3,
"PIELONEFRITIS",3,
"PLEURITIS TUBERCULOSA",3,
"PNEUMONIA",3,
"POLIOMIELITIS",3,
"PRESIO",3,4019
"PRESION ARTERIAL",3,4019
"PROBLEMES CERVICALS",3,
"PROLACTINA",3,
"PROTECTOR D'ESTOMAG",3,000
"PROTEINURIA",3,
"PSIQUIATRIC",3,
"RADICULOPATIA",3,
"REDUCCIO D'ESTOMAC",3,V4586
"RETENCION LIQUIDOS",3,
"REUMATISME PALINDROMIC",3,
"SANG",3,
"SEQUEDAT OCULAR",3,
"SINDROME DE MENIERE",3,
"SINDROME DE SJOGREN",3,
"TDA",3,
"TDH",3,
"TENSIO OCULAR",3,36504
"TIROIDECTOMIA TOTAL",3,
"TLP",3,
"TRANQUILIZANTE",3,
"ULCERA DE ESTOMAGO",3,
"VEJIGA HIPERACTIVA",3,
"VITAMINA",3,
"VITAMINES",3,
"MIOMAS UTERINOS",2,2189
"MIOMAS",2,2189
"HPOTIROIDISME",2,2449
"HOPOTIROIDISME",2,2449
"HIPOTIRODISME",2,2449
"HIPOTIRODISMO",2,2449
"HIPOTIROISDISMO",2,2449
"HIPOTIROIDISMO HASHIMOTO",2,2449
"TIROIDITIS AUTOINMUNE",2,2459
"TIROIDISMO",2,2469
"DIABETIS",2,25000
"DIABETES GESTACIONAL",2,25000
"HIPERPARATIROIDISME",2,25200
"COLESTEROL ALTO",2,2720
"COLESTEROLEMIA",2,2720
"OBESITAT",2,27800
"ANEMIA FERRO",2,2809
"TRANSTORNO BIPOLAR",2,29680
"ESTADO ANIMICO",2,29690
"ANSIATAT",2,30000
"ANSIEDAD LESION MEDULAR",2,30000
"CRISI ANSIETAT",2,30000
"ANSIEDAD Y DEPRESION",2,311
"ANSIOLITICOS",2,30000
"ANSIETAT PUNTUAL",2,30000
"TRASTORNS ANSIETAT",2,30000
"ESTAT DEPRESSIU",2,311
"DEPRESIO REACTIVA",2,311
"ANSIEDAD Y DEPRESION",2,311
"ANTIDEPRESIVOS",2,311
"ESTADO DEPRESIVO",2,311
"DEPRESSIO-ANSIETAT",2,311
"TENSIO ARTERIAL",2,4019
"ELICOBACTER PYLORI",2,04186
"CIRCULACIO VASCULAR",2,4599
"INSUFICIENCIA CIRCULATORIA RETORN",2,4599
"CIRCULACION SANGUINEA",2,4599
"INSUFICIENCIA CIRCULATORIA",2,4599
"MALA CIRCULACION",2,4599
"BRONQUITIS ASMATICA",2,49390
"REFLUXE GASTROESOFAGIC",2,53081
"REFLUX ESTOMACAL",2,53081
"ARDOR ESTOMAGO",2,5369
"ARDOR",2,5369
"DIGESTION",2,5369
"ARDORES ESTOMACALES",2,5369
"HERNIA D'HIAT",2,5533
"HERNIA IATO",2,5533
"ERNIA DE HIATO",2,5533
"HERNIA DE HIAT",2,5533
"EMBARAZO",2,650
"ARTROSIS DE CADERA",2,71590
"ARTROSIS CERVICAL",2,71590
"DOLOR DE RODILLA",2,71946
"ESPONDILITIS ANQUILOSANTE",2,7200
"DOLORES DE ESPALDA",2,7245
"DOLORES ESPALDA",2,7245
"CONTRACTURA MUSCULAR",2,72885
"CONTRACTURAS",2,72885
"CONTRACTURA",2,72885
"FIBROMIALGIA - FATIGA",2,7291
"FIBROMIALGIA Y FATIGA CRONICA",2,7291
"OSSOS I ARTICULACIONS",2,73390
"OSOS",2,73390
"ESCOLIOSIS LUMBAR",2,73739
"DIFICULTAT PER DORMIR",2,78050
"RETENCION DE ORINA",2,78820
"ORINAR",2,78820
"ALERGIES",2,9953
"DOLOR DE CABEZA Y MALESTAR",2,7840
"ENDOMETROSIS",2,6179
"ESTOMEG",2,
"FALTA DE AIRE / ASFIXIA",2,
"FERRITINA",2,2809
"FOBIA SOCIAL",2,
"FONGS PEUS",2,
"FRIBROMIALGIA",2,
"GASES",2,
"GASOS",2,
"INSOMMI",2,78050
"LIQUEN PLA",2,
"LUMBALGIA I CERVICALGIA",2,7242
"MAL DE COLL",2,
"MAL D'ESTOMAC",2,5369
"MALT DE CAP",2,7840
"MANCA DE FERRO",2,2809
"MENSTRUACION",2,6269
"MIOCARDIOPATIA HIPERTROFICA",2,
"NODULOS",2,
"OJOS",2,
"PARA LOS NERVIOS",2,79921
"PRESIO ARTERIAL",2,4019
"PRESSIO",2,4019
"PROTATA",2,
"REFORC",2,
"REGLAS ABUNDANTES",2,6269
"REGLES ABUNDANTS",2,6269
"REGULAR LA REGLA",2,6269
"RELAJAR",2,000
"REUMA A LA SANG",2,
"SINDROME SJOGREN",2,
"STRESS",2,
"SUCRE EN SANG",2,79029
"TABAC",2,
"TENDONS",2,
"TERAPIA HORMONAL SUSTITUTIVA",2,
"TIFUS",2,
"VERTIGENS",2,7804
"VIH",2,
"VIRUS PAPILOMA",2,
"ACALASIA",2,
"ACIDESA D'ESTOMAC",2,53081
"ACIDEZ ESTOMAGO",2,53081
"ACNE",2,
"ACUFENS",2,
"ADELGAZAR",2,
"AGORAFOBIA",2,
"ALOPECIA AREATA",2,
"CIRURGIA BARIATRICA",2,
"COL?LOCACIO STENT",2,
"COMPLEMENT ALIMENTICI",2,
"CONSTIPAT",2,
"CONTROLARLA",2,
"CONTROL GLOUCOMA",2,
"DECAIMENT",2,
"DEFICIT D'ABSORCIO",2,
"DEPRESIO/ANSIETAT.",2,311
"DESCANSAR",2,
"DIGESTIVO",2,
"DISTROFIA DISTAL REFLEJA",2,
"DOLOR ARTICULACIONS",2,71940
"DOLOR BRAZO",2,
"DOLOR CERVICALS - TINC HERNIA",2,
"DOLOR DE CABEZA/ESPALDA",2,7245
"DOLOR NEUROPATIC",2,
"DOLOR OSSOS",2,
"DOLORS D'ESQUENA",2,7245
"ERITEMA NODOSO",2,
"ESTAT NERVIOS",2,79921
"ESTRES/ANSIETAT",2,
"FATIGA",2,
"FIBRILACION AURICULAR",2,
"GENERACIO DE CARTILAC",2,73390
"GOLL MULTINODULAR",2,
"POLIPS ENDOMETRI",2,
"POLIPS VESICULA",2,
"POR CIRUJIA",2,
"PRECAUCION",2,
"PRESCRIPCIO MEDICA",2,
"PRESIO OCULAR ALTA",2,36504
"PREVENCION",2,000
"PROBLEMAS DIGESTIVOS",2,
"PROBLEMAS EN LAS CERVICALES",2,
"PROTECCION ESTOMAGO",2,000
"PROTECCION GASTRICA",2,000
"PSICOSIS",2,
"QUERATITIS",2,
"RELAJACION",2,000
"RELAJACION MUSCULAR",2,000
"RESPIRACION",2,
"RINON",2,
"RISC DE DEPRESSIO",2,311
"RONYO",2,
"SINDROME SECO",2,
"SOBREPES",2,
"SOFOCOS",2,
"SON",2,78050
"SUPLEMENTS VITAMINICS",2,
"TABAQUISME",2,
"TBC",2,
"TRANQUILITZANT",2,
"TRAUMATISMES VARIS",2,
"TRIGLICERITS",2,
"TROMBOFLEBITIS",2,
"TUBERCULOSIS PULMONAR",2,01190
"ULCUS DUODENAL",2,
"URTICARIA VASCULAR",2,
"VARICOCELE",2,
"AL.LERGIA",2,
"ANTIBABY",2,V259
"ANTICONCEPTIVAS",2,V259
"BUDELL IRRITABLE",2,
"CAIGUDA DE CABELL",2,70400
"CLORESTEROL",2,
"COLICOS NEFRITICOS",2,7880
"COLOM",2,
"COSTIPAT",2,
"CRISI D'ANGOIXA",2,
"DEFICIT VITAMINES",2,
"DEIXAR DE FUMAR",2,
"DEPRESSION",2,311
"DERMATOLOGICA",2,
"DIETA",2,
"DISCOPATIA DEGENERATIVA",2,
"DISFAGIA",2,
"DISFUNCION ERECTIL",2,
"DISTONIA",2,
"DIVERCULITIS",2,
"DIVERTICULOS",2,
"DOLOR MUSCULATURA",2,
"DOLOR POR ROTURA",2,
"DOLORS VARIS",2,78096
"EDEMAS",2,
"EMBOLIA ARTERIAL CAMA DRETA",2,
"GRIP",2,
"HERNIAS",2,
"HERNIES DISCALS",2,
"HERPES LABIAL",2,
"HIPERMENORREA",2,
"HIPERTENSION OCULAR",2,36504
"HIPERTROFIA PROSTATA",2,
"PEDRES AL RONYO",2,
"PEL FERRO",2,2809
"PERICARDITIS AGUDA",2,
"PIEL",2,
"PILDORA ANTICONCEPTIVA",2,V259
"PLAQUETOPENIA",2,
"PNEUMOTORAX",2,
"TINITUS",2,
"TINNITUS",2,
"TIROIDECTOMIA",2,
"TRANSTORN BIPOLAR",2,29680
"TRANSTORNO DEL SUENO",2,
"TRASTORN ADAPTATIU",2,
"TREMOLOR A LES MANS",2,
"URTICARIA",2,
"URTICARIA CRONICA",2,
"VARICELA",2,
"ALZHEIMER",2,
"AMIGDALITIS",2,
"ANGINA DE PIT",2,
"ANGINAS",2,
"ANGINES",2,
"ANIMO",2,
"ANSIEDAD/DEPRESION",2,311
"ANSIEDAD, ESTRES, FALTA DE SUENO",2,
"ANSIETAT/DEPRESSIO",2,311
"ANTIACIDO",2,53081
"ANTICONCEPCION",2,V259
"ANTICONCEPTIVA",2,V259
"ARRITMIA AURICULAR",2,4279
"ATM",2,
"BAIXA DE FERRO",2,2809
"BIPOLARITAT",2,29680
"BRONQUIOS",2,
"BRUCELOSIS",2,
"CAIDA CABELLO",2,70400
"CARENCIA VITAMINA D",2,2689
"CATARATAS",2,
"CEFALALGIA OCASIONAL",2,
"HERNIA ESTOMAC",2,
"HERNIA HIATAL",2,
"HIPERPLASIA DE PROSTATA",2,
"HORMONAS",2,
"INFECCIO ORINA",2,5990
"INFLAMACION DE LA PROSTATA",2,
"LAXANT",2,
"LO MISMO",2,
"LUMBAGIA",2,7242
"LUXACION NERVIO CUBITAL",2,
"MANCA DE CALCI",2,27540
"MAREOS",2,
"MENIERE",2,
"MENINGIOMA",2,
"MENISCO",2,
"MENOPAUSA PRECOC",2,
"METRORRAGIA",2,
"MIGRANAS",2,
"MONONUCLEOSI INFECCIOSA",2,075
"MUCOSES VIES ALTES ""ATOPIQUES""",2,
"MUCOSITAT",2,
"NARCOLEPSIA",2,
"NINGUNA",2,
"OCULAR",2,
"ORAL",2,
"PAGET",2,
"PARATIDOIDES",2,
"PELL",2,
"PICORES",2,
"PLEURITIS",2,
"DEPRESSIO REACTIVA MALALTIA FAMILIAR",2,311
"MIOMAS UTER",1,2189
"UTER MIOMATOS",1,2189
"HIPERTIROIDISMA",1,24291
"HIPERTIROIDISMO SUBAGUDO",1,24291
"HIPERTIRODISME I HIPOTIROIDISME",1,24291
"HIPERTIROIRISME",1,24291
"HIPERTIROIDISMOS",1,24291
"MALALTIA DE GRAVES",1,24291
"GRAVES BASEDOW",1,24291
"GRAVES BASSEDOF HIPERTIROIDISMO",1,24291
"HIPERTIROIDISME/HIPOTIROIDISME",1,24291
"MALALTIA DE GRAVES-BASEDOW (HIPERTIROIDISME)",1,24291
"HIPERTIROIDES",1,24291
"HIPERTIROIDISME,ACTUALMENT HIPOTIROIDISME",1,24291
"IPOTIROIDISMO",1,2449
"HIPOTIROIDISME I EXTRAXISTOLES SUPRAVENTRICULARS",1,2449
"HIPOTIROISDISME",1,2449
"HIPOTIROIDISMO COMPENSADO.",1,2449
"PEDRES VESICULA/VARICES/HIPOTIROIDISMO",1,2449
"HIPOTIROIDISMO PRIMARIO SUBCLINICO",1,2449
"HIPOTIROIDISME HASHIMOTO",1,2449
"HIPOTIROIDISME DE MASHIMOTO",1,2449
"HIPOTIROIDISME  SUBCLINIC",1,2449
"HIPOTIROIDISME AUTOOINMUNE",1,2449
"HIPOTIROISME",1,2449
"HIPOTIROISIMO",1,2449
"HIPOTIROIDISMO LEVE",1,2449
"HIPOTIROHIDISMO",1,2449
"HIPOTIRODIAME",1,2449
"HIPOTIROIDEA",1,2449
"HIPOTIROIDISMO DE HASHAMOTO",1,2449
"HIPOTIROIDISMO Y MENOPAUSIA",1,2449
"HIPOTITOIDISME SUBCLINIC",1,2449
"HIPOTIRODISIMO",1,2449
"HIPERTIRODISME I HIPOTIROIDISME",1,2469
"COLESTEROL Y TIROIDES",1,2469
"EXTIRPAR TIROIDES",1,2469
"HIPERTIROIDISME,ACTUALMENT HIPOTIROIDISME",1,2469
"HIPERTIROIDISME/HIPOTIROIDISME",1,2469
"NEUROPATIA DIABETICA",1,25000
"HIPERPARATIROIDISME PRIMARI",1,25200
"HIPERPARATIROIDISMO SECUNDARIO",1,25200
"COLESTEREOL",1,2720
"COLESTEROL Y TIROIDES",1,2720
"TIROIDES, COLESTEROL",1,2720
"TIROIDISMO, COLESTEROL, ERNIA DISCAL",1,2720
"COLESTESROL",1,2720
"COLESTEROL PER SOBRE EL LLINDAR",1,2720
"COL.LESTEROL",1,2720
"COLESTEROL ALT",1,2720
"COLECTEROL",1,2720
"COLESTREROL",1,2720
"COLESTEOL",1,2720
"COLESTERIOL",1,2720
"REGULAR COLESTEROL",1,2720
"HIPERCOLESTEROLEMIA FAMILIAR HEREDITARIA",1,2720
"COLESTEROL I GOTA",1,2720
"TIROIDES Y COLESTEROL",1,2720
"COLESTERL",1,2720
"COLESTEROL/TRIGLICERITS",1,2721
"ATACS DE GOTA",1,2749
"REUMA/GOTA",1,2749
"COLESTEROL I GOTA",1,2749
"AC.URIC",1,2749
"ACID URIC ELEVAT",1,2749
"ACIDOM URICO",1,2749
"REUMA/GOTA",1,2749
"ACIDO URIC",1,2749
"ACID URIC EN SANG",1,2749
"OBESIDAD MORBIDA",1,27801
"ANEMIA HIERRO",1,2809
"ANEMIA FERROPENICA LLEU",1,2809
"POLIPS UTERINS, ANEMIA",1,2859
"ANEMIA LLEU",1,2859
"ESTAT ANIM",1,29690
"ESTAT D'ANIMS.",1,29690
"ANSIEDAD DEPRSION",1,30000
"ANGUSTIA DE BASE",1,30000
"ANSIEDAD LABORAL",1,30000
"ANSIEDAD, NO DORMIR",1,30000
"ANSIETAT ALIMENTARIA",1,30000
"ANSIEDAD DE COMER",1,30000
"ANSIETAT / NEGUIT",1,30000
"ANSIOSA",1,30000
"ANSIEDAD DORMIR",1,30000
"ANSIETAT-IINSOMNI...",1,30000
"ANSIETAT,",1,30000
"ANSIOLITIC I ANTIDEPRESSIU",1,30000
"ANSIEDAD BULIMIA",1,30751
"ANSIEDAD, DEPRESION",1,30000
"TRASTORNO OBSESIVO COMPULSIVO",1,3003
"TRANSTORN OBSSESSIU",1,3003
"TRANSTORN OBSESSIU-COMPULSIU",1,3003
"TRANSTORN OBSESIU COMPULSSIU (TOC)",1,3003
"BAJAR LA ANSIEDAD",1,30000
"ANSIEDAD / FOBIA A CONDUCIR",1,30000
"INSOMNI PER ANSIETAT",1,30000
"ANCIOLITICO",1,30000
"ANSIETAT DEPRESSIVA",1,30000
"ANSIEDAD MIENTRAS DUERMO",1,30000
"ANSIEDAD Y CRISIS DE PANICO",1,30000
"ANSEIETAT",1,30000
"ANSEITAT",1,30000
"ANSIETAT I ANGOIXA",1,30000
"CONTRACTURAS/ANSIEDAD",1,30000
"ANSIEDAD Y RABIA",1,30000
"ANSIETAT/ANGUSTIA",1,30000
"ANSIETAT/NERVIS",1,30000
"ANSIOLITICS",1,30000
"ANSIETAT I DESPRESSIO",1,30000
"ANGUSTIA",1,30000
"ANSIOLITIC I ANTIDEPRESSIU LLEU",1,30000
"ANSIEDAD , INSOMNIO ,LUMBALGIA ,CONTRACTURAS DORSALES",1,30000
"ANSIETAT GENERALITZADA",1,30000
"DOLOR MUSCULAR / ANSIETAT",1,30000
"ANSIOLITIC, PER DORMIR MILLOR",1,30000
"CEFALEAS TENSIONALES",1,30781
"ESTRES/DEPRESSIO",1,311
"DEPRECION",1,311
"DE QUAN EN QUAN HE PATIT ALGUN TRNATORN DEPRESIU NO GREU, O ANSIETAT",1,311
"ANSIOLITIC I ANTIDEPRESSIU",1,311
"ANSIOLITIC I ANTIDEPRESSIU LLEU",1,311
"UNA MICA DEPRESSIVA/ANSIETAT",1,311
"ANTIDSEPRESSIU",1,311
"DEPRSION",1,311
"ANSIETAT I DESPRESSIO",1,311
"ESTATS DEPRESSIUS",1,311
"ANSIEDAD, DEPRESION",1,311
"DEPRESION POR ANSIEDAD",1,311
"ANTI-DEPRESIVOS",1,311
"ANTI DEPRESIVOS",1,311
"DEPRESIO LLEUGERA",1,311
"UN POCO DEPRESION",1,311
"ESTAT DEPRESIU",1,311
"DOLOR Y DEPRESION",1,311
"ANTIDREPRESIU",1,311
"ANTIDEPRESIUS",1,311
"DEPRESION,DOLOR",1,311
"FIBROMIALGIA, TRASTORNO ANSIOSO DEPRESIVO, ARTROSIS , DEFICIT VIT D",1,311
"MENSTRUACION Y DEPRESION",1,311
"DEPRESSIO LLEU/STRESS",1,311
"DEPRE",1,311
"SINDROME DEPRESIVO",1,311
"MENOPAUSA DEPRESSIVA",1,311
"ANSIETAT DEPRESSIVA",1,311
"TRANSTORN ANSIOS-DEPRESSIU",1,311
"DEPRESION NERVIOSA",1,311
"DEPRESION LABORAL",1,311
"TRANSTORN ANSIOS DEPRESSIU",1,311
"PREVENCION DE DEPRESION",1,311
"MENIGITIS",1,3229
"CEFALEAS I MAL DE CAPS",1,7840
"PEL MAL DE CAP",1,7840
"PELS MALTS DE CAP",1,7840
"MAL DE CAP O MIGRANYA",1,34690
"MIGRANYES",1,34690
"MIGRANYA OCASIONAL",1,34690
"MENINGITIS MENINGOCOCCICA",1,360
"MENINGITIS MENIGOCOCICA",1,360
"RINOCONJUNTIVITIS",1,37214
"COAGULOS EN LOS OJOS POR TENSION ALTA",1,4019
"LATENSION",1,4019
"GASTRITIS PER EL HELICOBACTER",1,04186
"HERNIA DE HIATO DESLIZANTE Y HELICOBACTER PILORY",1,04186
"HELICOBACTER PILORIS",1,04186
"VARIUS - TROMBOFLEBITIS",1,4549
"HEMOROIDES",1,4556
"CIRCULACION SANGRE",1,4599
"CIRCULACIN SANGUINEAPLETAL",1,4599
"MALA CIRCULACIO A LES CAMES",1,4599
"CIRCULACIO SANG",1,4599
"MALA CIRCUL.LACIO, FALTA DE MEMORIA",1,4599
"CIRCULA",1,4599
"CIRCULACIO SANGUINEA",1,4599
"PROBLEMES CIRCULATORIS",1,4599
"CIRCULACION ARTERIAL",1,4599
"CIRCULACION LENTA DE LAS ARTERIAS",1,4599
"CIRCULATORIO",1,4599
"RINITIS MEDICAMENTOSA",1,4720
"RINITIS, CONTRACTURES",1,4720
"ESOFAGITIS GRAU 2",1,53010
"ESOFAGUITIS PER REFLUXE",1,53011
"REFLUXE ESTOMAC",1,53081
"REFLUXE D'ESTOMAC",1,53081
"REFLUJO GASTROESOFAGICO",1,53081
"REFLUX GASTROESOFAGIC",1,53081
"PROBLEMAS DIGESTIVOS REFLUJO",1,53081
"EL REFLUJO",1,53081
"REFLUJO DEL ESTOMAGO",1,53081
"REFLUJO ESTOMACAL",1,53081
"REFLUJO GASTROEXOFAGICO",1,53081
"HERNIA DE HIATO Y GASTRITIS CRONICA",1,5533
"HERNIA DE HIATO.",1,5533
"GASTRITIS/ HERNIA HIATO EN ESTUDI",1,5533
"HERNIA DE IAT",1,5533
"ERNIA DE IAT",1,5533
"HERNIA DE HIATO CON REFLUJO",1,5533
"HERNIA D'IATO",1,5533
"ESTOMAGO, HERNIA DE HIATO",1,5533
"ERNIA IATO",1,5533
"HENIA DE HIATO",1,5533
"HERNIA DE L'HIATO",1,5533
"HERNIA D'HIATUS I REFLUXE",1,5533
"HERNIA DE LLATO",1,5533
"ERNIA DE DIATO",1,5533
"HERNIA DE HIATO DESLIZANTE Y HELICOBACTER PILORY",1,5533
"HERNIA D?HIATUS",1,5533
"HERNIA DE HIAT - LARINGITIS PER REFLUXE",1,5533
"HERNIA D'IATUS",1,5533
"HERNIA DE HIATO Y ULCERAS ESTOMAGO Y POLIPOS EN LA GARGANTA",1,5533
"ESOFAGO DE BARRETT Y HERNIA DE HIATO",1,53085
"ESTRENIMIENTO CRONICA",1,5649
"PROBLEMES D'ESTRENIMENT",1,5649
"RESTRENIMENT",1,5649
"POLIPO EN COLON",1,5690
"PANCREATITIS GREU",1,5770
"PANGREATITIS",1,5770
"CISTITS",1,5959
"PREVENCIO CISTITIS",1,5959
"HIPERPLASTIA BENIGNA PROSTATA",1,60000
"HIPERPLASTIA BENIGNA DE PROSTATA",1,60000
"HIPERPLASIA PROSTATICA BENIGNA",1,60000
"HIPERPLASIA BENIGNA DE PROSTATA GRAU III",1,60000
"HIPERPLASIA PROSTATICA",1,60000
"HIPERPLASIA DE PROSTATA CON BIOPSIA DE CELULAS MALIGNAS",1,60000
"DERMATITIS",1,6918
"ECZEMES",1,6929
"DERMATITIS ROSACEA",1,6953
"SORIASIS",1,6968
"LIQUEN",1,697
"RIZOARTRISIS",1,7149
"RIZOARTROSI",1,7149
"POLIARTRITIS",1,7149
"ARTRITIS REUMATOIDE",1,7149
"RIZOARTROSIS MA ESQUERRA",1,7149
"ARTROSIS LIGERA VENA CUELLO",1,71590
"ARTROSI A GENOLLS I CADERA, I LLEUGERA ESCOLIOSI",1,71590
"GONARTROSI",1,71590
"ARTROSI DELS GENOLLS",1,71590
"DOLOR ARTROSIS",1,71590
"FIBROMIALGIA I ARTROSI",1,71590
"CALCIFICACIONES Y  ARTROSIS",1,71590
"FIBROMIALGIA, TRASTORNO ANSIOSO DEPRESIVO, ARTROSIS , DEFICIT VIT D",1,71590
"ARTROSIS LEVE",1,71590
"ARTROSIS,CERVICALGIA",1,71590
"SEVERA ARTROSIS DEGENERATIVA VERTEBRAL",1,71590
"ARTROSIS FIBROMILGIA COLON IRRITALBLE GASTRITIS",1,71590
"ARTROSIS DE RODILLA",1,71590
"FIBROMIALGIA - ARTROSIS",1,71590
"ARTROSIS CERVICAL Y HERNIA DISCAL",1,71590
"ARTROSI MALUC DRET",1,71590
"ASTROSCOPIA GENOLL, POLIPS NASALS I CORECCIO TABIC,PROTUBERANCIA CERVICAL CATARACTA ARTROSIS ESPOLON PLANTAR",1,71590
"ARTROSI DE MALUC",1,71590
"ARTROSIS COLUMNA",1,71590
"ARTROSIS LUNBAR CEVICAR",1,71590
"ARTROSI LUMBAR",1,71590
"GONOSTROSIS",1,71590
"ARTROSIS GENOLL",1,71590
"ARTROSIS Y DOLORS ARTICULARS",1,71590
"ARTROSIS COLUMNA / PINZAMIENTOS ESPALDA",1,71590
"ARTROSIS EROSIVA",1,71590
"ARTROSISI RODILLA",1,71590
"ARTROSIS ROTULIANA",1,71590
"DOLOR      ARTROSIS",1,71590
"ARTROSIS GENOLL DRET",1,71590
"REUMA ESPONDILITIS ANQUILOSANT.",1,7200
"ESPONDIOLITIS ANQUILOSANTE",1,7200
"DOLOR DERIVAT DE L'HERNIA DISCAL",1,72290
"DOLOR ESPATLLA",1,7245
"DOLOR ESPAL",1,7245
"DOLOR ESPADA",1,7245
"RELAJANTE MUSCULAR PARA ALIVIAR  CONTRACTURAS MUSCULARES",1,72885
"PER CONTRACTURA",1,72885
"OSTEOSPOROSI",1,73300
"PER PREVENIR OSTEOPOROSIS",1,73300
"OSSOS I MUSCULS",1,73390
"OSTEOSPOROSIS",1,73300
"PREVENCION OSTEOPOROSIS",1,73300
"EVITAR OSTEOPOROSIS",1,73300
"PER PODER DORMIR",1,78050
"PODER DORMIR",1,78050
"PARA PODER DORMIR",1,78050
"DIFICULTAD DORMIR",1,78050
"NO PODER DORMIR NIT",1,78050
"TRANQUILIZANTE - DORMIR",1,78050
"PASTILLAS PARA DORMIR",1,78050
"PER DORMIR, OCASIONALMENT",1,78050
"DIFICULTAT PER ADORMIR-ME",1,78050
"ANSIEDAD DORMIR",1,78050
"A VEGADAS PER DORMI",1,78050
"DORMIR, DESCANSAR",1,78050
"CONTRACTURA Y DORMIR",1,78050
"PER  DORMIR",1,78050
"ANSIEDAD, NO DORMIR",1,78050
"RELAJANTE, DORMIS",1,78050
"DORMIR Y CONTRACTURA",1,78050
"DIFICULTAT PER A DORMIR I NERVIS",1,78050
"ANSIOLITIC, PER DORMIR MILLOR",1,78050
"OCASIONALMENT 1/2 ORFIDAL PER DORMIR",1,78050
"DORMO MALAMENT",1,78050
"PER ANAR A DORMIR",1,78050
"DIFICULTAT DORMIR-ANSIETAT",1,78050
"PER AJUDAR A DORMIR",1,78050
"APNEES",1,78603
"APNEA DEL SON",1,78603
"APNEES DE LA SON",1,78603
"APNEES AL SON",1,78603
"APNEA SEVERA",1,78603
"APNEAS DE SON",1,78603
"APNEAS DEL SON",1,78603
"DIURETIC",1,78820
"ALERGIA AL POLEN",1,9953
"ALERGIA PELO CONEJO",1,9953
"ALERGIA CUTANEA",1,9953
"ALERGIAS",1,9953
"ALERGIA POLEN",1,9953
"CONJUNTIBITIS ALERGICA",1,9953
"ALTERACIO MUCOSA ESOFAC",1,
"ALTERACIONS FETGE (TRANSAMINASAS)",1,
"ANALGESICO / ANTIINFLAMATORIO",1,000
"ANELL ESOFAGIC",1,
"ARITMIAS",1,
"BACTERIA EN EL ESTOMAGO",1,
"BAIXA DE FERRO DURANT LA MESTRUACIO",1,2809
"BAIXA EN FERRO",1,2809
"BAIX NIVELL",1,
"BAJA DE MORAL",1,
"BAJA VITAMINA D",1,2689
"BARICOCELE",1,
"BARRETT",1,53085
"BEN ESTAR GENERAL",1,
"BIPORALIDAD",1,29680
"BLOQUEO DE RAMA IZQUIERDA",1,
"DOLOR DE OIDOS",1,
"BRONQUITIS LLEU",1,
"DOLOR EN GENERAL",1,
"BUFETA",1,
"DOLORES GENERALES",1,
"DOLORES LUMBARES",1,7242
"DOLORES MENSTRUALES",1,6269
"BY PASS GASTRIC",1,
"CABELL",1,
"CABELLO",1,
"CACHI- RICHI",1,
"CAIDA DE CABELLO",1,70400
"CAIGUDA DELS CABELLS",1,70400
"CALCUL BILIAR",1,
"CANDIDES A L'INTESTI",1,
"DOLOR MUSCULAR/ LESIONES",1,
"CANDIDIASIS VAGINAL",1,
"CANDIDIASI VAGINAL",1,
"CAP I ABDOMEN",1,
"CARCINOMA BASOCEL.LULAR",1,
"DOLOR REGLA",1,6269
"CARCINOMA ESCAMOS",1,
"CARTILAG",1,73390
"CARTILEG GENOLL",1,73390
"CASPA EN CABEZA",1,
"CATARACTES",1,
"CCONTROL GLAUCOMA",1,
"CEFALEA EN RAIM",1,
"CEFALEA OCASIONAL I MENSTRUACIO",1,
"HIPOACUSIA",1,
"EM CALMA L'ANSIETAT",1,
"CELIAC",1,
"CELIAQUIA , COLITIS CRONICA",1,
"CERVICALES, CONTRACTURAS",1,
"CIA",1,
"CIATALGIA",1,
"CIATIACA Y LUMBALGIA",1,7242
"CIFOPLASTIA",1,
"ENFISEMA PULMONAR LLEU",1,
"ENFORTIR TEIXIT NERVIOS",1,
"EPI",1,
"CIRROSI BILIAR PRIMARIA",1,
"CIRROSIS FETGE",1,
"CISTITIS CRONICA, AL.LERGIA ALS ACARS I AL NIQUEL, ITUS DE REPETICIO.",1,5959
"CISTITIS POSTCOITAL",1,5959
"COLESCISTITS",1,5959
"ESCOLISIS LUMBAR",1,
"ESFINTER",1,
"ESGUINCE RETINA OJO DERECHO",1,
"ESOFAG EN CASCANUECES",1,
"ESOFAGITIS EOSINOFILA",1,
"ACROMEGALIA",1,
"ACUFENOS",1,
"ESOFAGO DE BARRETT BAJO",1,53085
"ADENOMA BENIGNE DE PROSTATA",1,
"AGROR D'ESTOMAC",1,
"AIXAFAMENT VERTEBRA",1,
"ALCOHOL",1,
"INFECCIO BUCAL",1,
"AL?ERGIA",1,
"COLOESTEROL",1,
"COLOM DESCOLGADO",1,
"ESTAR ACTIVA Y ANIMADA",1,
"COLON IRRITABLE/GASTRITIS CRONICA/ANGIODISPLASIA MULTIPLE COLON/HERNIA HIATO",1,
"COLPITIS ATOPICA",1,
"ALGUN MENJAR PESAT",1,
"COMPLEMENTAR ARTILOG",1,
"CONCENTRACIO",1,
"ALOPECIA AREATA UNIVERSAL",1,
"ALOPECIA AREATICA",1,
"ALOPESIA",1,
"ALPARA ARTRADESIS CERVICO",1,
"ALTERACIO DE LA SON",1,78050
"ALTERACIO DE REPOLARITZACIO CARDIACA NO VALORADA COM A PATOLOGICA (ARRITMIES).",1,
"ALTERACIO EMOCIONAL",1,
"CONDROCALCINOSI",1,
"CONDROCALCINOSIS",1,
"CONDROPATIA",1,
"ALTERACIONS SON",1,78050
"ALVEOLITIS",1,
"AMAUROSIS",1,
"AMBLIOPIA ULL ESQUERRE",1,
"AMIGALITIES (OPERADA)",1,
"ANGIOPATIA AMILOIDE",1,
"ANGOIXA - DEPRESSIO",1,
"ANGOIXA I ATACS DE PANIC",1,
"CONTROL",1,
"CONTROL HORMONAL",1,
"ANIM",1,
"ANIMARME",1,
"CONTROL PRESSIO OCULAR",1,36504
"ANOREXIA/BULIMIA",1,
"ANOREXIA NERVIOSA",1,
"ANOSMIA / TINITUS",1,
"DEFICIT DE VIT D",1,
"DEFICIT FERRO",1,2809
"DEFICIT PROTEINA C EN SANG",1,
"DEFICIT VITAMINA",1,
"DEFICIT VITAMINA B12",1,
"DEFICIT  VITAMINA D",1,2689
"FIBRILACIO AURICULAR",1,
"DEFORMACIO DELS PEUS",1,
"DEGENERACION MACULAR EXUDATIVA OJO IZ.",1,
"DEIXAR FUMAR",1,
"DEPESSIO",1,
"FIBROMIALGIA FATIGA CRONICA",1,
"LUMBALGIES",1,7242
"DEPRESIO-ANSIETAT",1,
"DEPRESIO I PEL TRANSTORN DEL SON",1,
"LUMBOCIATALGIA CRONICA",1,
"POLIPS I MIOMES A LA MATRIU",1,
"ANTIACIDS",1,53081
"ANTIAGREGANTES",1,
"ANTIBABIES",1,V259
"DEPRESION YMIGRANAS",1,
"DEPRESSIO,ANSIETAT",1,
"DEPRESSIO, ANSIETAT",1,
"ANTICOAGULANTE",1,
"ANTICONCEPCIO",1,V259
"DEPRESSIO (MENOR)",1,
"ANTIFLAMATORI",1,
"ANTIFLAMATORIO",1,
"ANTIHISTAMINICO",1,
"ANTI INFLAMATORIO",1,000
"APNEA SUENO",1,78603
"DESVIACIO ESQUENA",1,
"ARRITMIA CONGENITA",1,4279
"ARRITMIA (WPW)",1,4279
"ARRITMIES DEL COR",1,4279
"ARTEREOESCLEROSI",1,
"ARTICULACION",1,71940
"ARTROSIS+FIBROMIALGIA",1,
"DISPLASIA EN ECTOPIA CERVICAL METAPLASICA",1,
"HEMOCROMATOSIS",1,
"DOLOR AL MALUC",1,
"ATROSI",1,71590
"BORNQUITIS",1,
"BRCA2",1,
"BRUCEL?LOSIS",1,
"BUFETA ORINARIA",1,
"BUFETA URINARIA HIPERACTIVA",1,
"BULIMIA NERVIOSA",1,30751
"CANDIDES INTESTINALS",1,
"CARCINOMA BASOCELULAR SUPERFICIAL",1,
"CERVICALGIAS",1,
1,1,
"ABSORCIO LIPIDS",1,
"ACCES RENAL",1,
"ACELERACION CARDIACA",1,
"ACELERAR DIGESTION",1,
"ACIDESA ESTOMAC",1,53081
"ACIDES D'ESTOMAC",1,53081
"ACIDEZ/ARDORES",1,53081
"ACIDEZ, BACTERIA PILORI",1,04186
"ACIDEZ DEL ESTOMAGO",1,53081
"ACIDEZ D'ESTOMAC",1,53081
"ACIDEZ POR REFUJO, POR UNA HERNIA DE HIATO",1,
"ACID FOLIC",1,
"ACIDO FOLICO",1,
"ACIDOS GASTRICOS",1,53081
"ACIDO UDICO",1,
"ADENOMA DE PARATIOIDES ,",1,
"ALEREGIA COLINERGICA",1,
"COLOM IRRITABLE",1,
"AL-LERGIA",1,
"AL NO PODER MENJAR DE TOT, NECESSITO SUPLEMENTS DE MULTIVITAMINICS",1,
"ALTERACIO HIPOFISIS",1,
"DOLOR ALS GENOLLS",1,
"DOLOR ANAL",1,
"HEPATITIS NO CRONICA",1,
"DOLOR ARTICULAR I EDEMA DE REINKE",1,
"CONTRACTURA ESPALDA",1,
"ANIMICA",1,
"CREMORS",1,
"CUESTION HORMONAL",1,
"CURATIVO",1,
"DDEGENERACOO MACULAR",1,
"DEFICIT COGNITIVO LEVE. ATROFIA DE HIPOCAMPO",1,
"ANSIETAT/AGORAFOBIA",1,
"DEFICIT DE CALC I DE VITAMINA D",1,2689
"ANSIETAT AMB PANIC",1,
"ANSIETAT-DEPRESSIO",1,
"ANSIETAT/DEPRESSIO MENOR",1,
"DEFICIT VITAMINA "" D""",1,
"FIBROMIALGIA, FATIGA CRONICA",1,
"ANSIOLITICO",1,
"DEPRESION / ANSIEDAD",1,
"MACRO ADENOMA HIPOFISARI",1,
"ANTIBIOTIC",1,
"ANTICARDIOLIPINA",1,
"ANTICOAGULANT",1,
"ANTICONCEPTIVES",1,V259
"DERMATITIS NEUROLOGICA",1,
"ANTI-EPSTEIN BARR VCA(IGG)",1,075
"ANTIESTAMINICO",1,
"DESANIM",1,
"DESANIMO",1,
"ANTIFLAMATORIS",1,
"DESCRIT AMB LA PREGUNTA ANTERIOR",1,
"DESGAST ARTICULAR",1,
"ANTIMFLAMATORIO",1,
"ANTINCONCEPTIU",1,V259
"ANTINFLAMATORIA",1,000
"ANTIOXIDANTE",1,
"ANTITUBERCULOSIS",1,01190
"DESGAT DELS DISCOS DE LA COLUMNA VERTEBRAL",1,
"APNEAS RESPIRATORIA",1,
"DESPRES D?UNA OPERACIO DE FA MES DE 8 ANYS",1,
"DESPRESION",1,
"GANGRENA DE FOURNIER",1,
"DEVIRTICULITIS",1,
"ARDOR D'ESTOMAG",1,5369
"ARDORES EN EL ESOFAGO",1,
"HERNIDA DISCAL LUMBAR",1,
"GASTRORESISTENTES",1,
"ARRITMIA CORAZON",1,4279
"ARRITMIA EXTRASISTOLE",1,4279
"ARRITMIA PEROXISTICA AURICOLOVENTRICULAR",1,4279
"ARRITMIA-TAQUICARDIA",1,4279
"DIFICULTAT X DORMIR",1,
"DIGESTION LENTA",1,
"DIGESTIONS PESADES",1,
"DIGESTIU",1,
"DIJESTIONES LENTAS",1,
"ARTRODESIS LUMBAR",1,
"DISCOPATIA",1,
"ARTROSI GENOLL, MALUC I CANELL",1,
"DISECCION CAROTIDA",1,
"DISFUNCION ARECTIL",1,
"DISFUNCION ERECTIL LEVE",1,
"DISFUNCIO RENAL",1,
"DISLIPEMIA",1,
"DISMINUCIO PSIQUICA",1,
"DISPLASIA ARRITMOGENICA",1,
"DISPLASIA CERVICAL",1,
"HEMATOMACROSI",1,
"MICROHEMATURIA",1,
"DIVERTICULIS",1,
"DIVERTICULITIS AGUDA",1,
"DIVERTICULO TRAQUEA",1,
"DOL",1,
"DOLER ALS PEUS I TENDO AQUILES",1,
"DOLOR ABDOMINAL",1,
"ATAC AL RONYO",1,
"HEPATITIS A, HERPES ULL",1,
"ATEROMA 15%",1,
"ATROFIA VULVAR",1,
"DOLOR PIERNAS",1,
"CARCINOMABASOCELULAR ESCAPULAR",1,
"HIPERTENSIO A L'ESFORC",1,
"DOLOR RODILLA",1,
"CAROTIDA",1,
"CAROTIDA DTA. 50%OBST",1,
"CAROTIDAS",1,
"BARRO BILIAR",1,
"DOLORS EN GENERAL",1,
"CARTILAGO",1,73390
"CARTILAGO DE RODILLA",1,73390
"CARTILAGS",1,73390
"DOLOR DE PANXA DURANT OVULACIO",1,
"DOMIR I MAL DE CAP",1,7840
"CATARACTA UE",1,
"REGLES DOLOROSES",1,6269
"CATARRO",1,
"CATETERISMO/RITMO CARDIACO",1,
"DREPRESSIO",1,
"BURXISME",1,
"HIPERUREMIA",1,
"EDEMA DE REIKEN",1,
"EJACULACIO PRECOC",1,
"OSTOSCLEROSIS",1,
", HIPOACUSIA",1,
"CAIDA DEL CABELLO",1,70400
"EM VAIG TRENCAR EL BRAC",1,
"CALC PELS OSSOS",1,27540
"ENCEFALITIS (PERDUA DE MEMORIA)",1,
"CALMA EL DOLOR",1,
"ENDIOMETROSI",1,
"ENDOCARDITIS",1,
"CANDIDIASI",1,
"CIATICA Y LUMBALGIA",1,7242
"ENFERMEDAD CELIACA",1,
"CIN III",1,
"ENFERMEDAD DE PAYES",1,
"ENFERMEDAD REFLUJO GASTRICO",1,
"ENFISEMA",1,
"PAPILOMA",1,
"PAPILOMA HUMANO",1,
"ENGOIXA",1,
"PARA DISMINUIR LAS REGLAS",1,6269
"CAVERNOMA CEREBRAL",1,
"EPIGASTRALGIA",1,
"EPILEPSIA LEVE",1,
"CEFALEA OCASIONAL",1,
"EPISODIOS REPETIDOS DE CISTITIS E INFECCIONES VAGINALES POR HONGOS",1,5959
"EPITELI A L'ESOFAG",1,
"CITOMEGALOVIRUS",1,
"CLACULOS RENALES",1,
"ERECCIO",1,
"ERITROPOIESI FERROPENICA",1,2809
"ENCOSTIPATS O DOLORS MENSTRUALS",1,
"POLIPOS MATRIZ",1,
"COLAGENO  MAGNESIO",1,
"HIPOTIROIDISMO POR TIROIDECTOMIA CASI TOTAL",1,
"ERNIAS DISCALES CERVICALES",1,
"EROSIONES EN MUCOSA DEL ESTOMAGO",1,
"PARA TRATARLA",1,
"ESCLERODERMIA LOCALITZADA A LA PELL",1,
"ESCLERODERMIA(MORFEA)",1,
"ESCLEROSI MULTIPLE",1,340
"HIPOVITAMINOSIS D",1,
"HIPOXIAS CEREBRALES",1,
"1 PASTILLA",1,
"2 HERNIAS DISCALS",1,
"ABNEAS",1,
"COAGULACIO",1,
"PARA NO DESPERTAR ANTES DE HORA",1,
"COLAGENO",1,
"ACIATICA",1,
"COLANGITIS ESCLEROSANT PRIMARIA",1,
"COLCE DE TENISTE",1,
"COLECISTOMIA",1,
"ERUPCIO CUTANEA",1,
"COLIC HEPATIC",1,
"ESCLEROSIS MULTILPLE",1,340
"ESCOLEOSI",1,
"COLITIS LINFOCITICA",1,
"COL?LESTEROL",1,
"PER AUGMENTAR EL CALCI",1,27540
"COLOBOMA CORIORRETINIANO",1,
"ESTABILIZADOR ANIMIC",1,
"ESTALVIADOR EXCRETA CALCI",1,
"INFECCION",1,
"ESTASISTOLIA",1,
"INFECCION CUTANEA",1,
"ESOFAGUITIS CRONICA",1,
"ADENOMA HIPOFISIS",1,
"ADENOMA PROSTATIC",1,
"ADENOSIS",1,
"AFTAS BUCALES RECIDIVANTES",1,
"AGAROFOBIA",1,
"AGRANDAMIENTO BENIGNO DE PROSTATA",1,
"COMPRESSIO LUMBAR",1,
"ESTENOSIS CANAL LUMBAR",1,
"CONCILIACIO DEL SON",1,78050
"CONCILIAR EL SON",1,78050
"CONCILIAR EL SUENO",1,78050
"CONDICIO DEPRESIVA DE TIPUS HEREDITARI",1,
"CONDILOMA CUELLO UTERO",1,
"CONDILOMAS",1,
"CONDRIOPATIA",1,
"ESTRASISTOLES",1,
"ESTRAVISME",1,
"ESTRECHAMIENTO CAROTIDA",1,
"AL?LEGIA",1,
"COMPLEMENTO VITAMINAS",1,
"AL.LERGIA AL POLEN",1,
"AL?LERGIA ESTACIONAL",1,
"AL?LERGIA LLEU",1,
"AL?LOPECIA",1,
"ALMORRANAS",1,
"ESTRES MENTAL",1,
"CONSTIPADO",1,
"ESTRES POSTTRAUMATICO",1,
"ESTRES/REPOSO",1,
"ESTRES/TINITUS",1,
"EUTIROX",1,
"EVIAR OSTEOPOROSIS",1,
"PER PEDRES AL RONYO",1,
"EVITAR CONTRACTURAS MUSCULARES",1,
"ANEURISMA CELEBRAL",1,
"ANEURISME DEL TIA+IM MODERADA+CARDIOPATIA CONGENITA",1,
"ANGINES I AMIGDALITIS",1,
"ANGIOEDEMA",1,
"CONTRACTURES MUSCULARS",1,
"CONTRARRESTAR CORTISONA",1,
"EXTIRPACIO TIROIDES",1,
"AMNEA",1,
"AMNEA DE LA SON",1,
"AMNESIA TRANSITORIA",1,
"ANALGESIC",1,
"CONSTRENYIMENT",1,
"CONTENCION URINARIA",1,
"CONTRACTURA CERVICAL",1,
"CONTRACTURA-DOLOR MUSCULAR",1,
"CONTRACTURA DORSAL Y LUMBALGIA",1,7242
"EVITAR CALCULS NEFRITICS",1,7880
"FALTA DE CALC",1,27540
"FALTA DE CALCI",1,27540
"FALTA DE CALCIO",1,27540
"LAXANTES",1,
"FALTA DE HEMOGLOBINA",1,
"FALTA DE MEMORIA",1,
"FALTA DE SUENO",1,
"LESION PRENEOPLASICA",1,
"LESIONS DISCS VERTEBRALS",1,
"FALTA VITAMIDA D",1,
"LEUCEMIA LIMFOCITICA CRONICA DE CEL?LULES B",1,
"COROIDITIS SERPEGINOSA- TUBERCULOSIS OCULAR",1,
"CORT",1,4299
"CREMOR D'ESTOMAG",1,
"CREMOR DIGESTIU",1,
"CREMOR ESTOMAG",1,
"FALTA DE FERRITINA",1,2809
"CRISIS COMICIALS D'ABSENCIA",1,
"CRISIS D'ANSIETAT",1,
"CRONIC",1,
"FALTA DE VITAMINAS",1,
"FALTA SOL",1,
"D0RMIR",1,
"FALTA VITAMINA",1,
"DECAIMENT EMOCIONAL",1,
"DEFICIENCIA MITRAL LEVE",1,
"ANSIEDAD Y ATAQUES DE PANICO",1,
"DEFICIT B12",1,
"FASTITIS PLANTAR",1,7294
"DEFICIT DE CALC",1,27540
"FAVISMO",1,
"DEFICIT DE FERRO",1,2809
"DEFICIT DE PROTEINA S LLIURE INHIBIDORA",1,
"FIBROMIALGIA/FATIGA",1,
"FIBROMIALGIA , FATIGA CRONICA",1,
"LUMBALGIA O MAL DE CAP",1,7242
"POLIPS",1,
"FIBROMIALGIA/FATIGA CRONICA SEVERA",1,
"FIBROMIALGIA/ HIPO-TIRIODISMO",1,
"LUMBARGUIA CRONICA",1,7242
"POLIPS I MIOMES",1,
"TENGO FIBOLMIALGIA",1,
"ANTALGIN",1,
"FIBROMIARJIA Y  CERVICALGIA",1,
"ANTIAGREGANTE",1,
"FIEBRE REUMATICA",1,
"DEPRESION Y DOLORES DE CABEZA",1,
"FIFRIOMIALGIA",1,
"FIFROMA UTERO",1,
"FIJAR CALCIO",1,27540
"DEPRESSIO I BULIMIA",1,30751
"DEPRESSIO (LLEU)",1,
"ANTICONCEPTIU HORMONAL",1,V259
"FIXADA LA C5-C6",1,
"ANTI-CONCEPTIVO",1,V259
"FLORA BACTERIANA",1,
"DEPURAR",1,
"ANTICUERPOS ANTITIROIDEOS ALTOS",1,
"FLUJO ESTOMACAL",1,
"ANTICONCEPTIVO ORAL",1,V259
"ANTICOPTCEPTIUS",1,V259
"FLUTER Y EXTRA SISTOLE SUBAVENTRICLAR",1,
"DERMATITIS ASOCIADA AL HERPES SIMPLE",1,
"FOCO IRRITATIVO",1,
"DESAJUSTE HORMONAL",1,
"ANTIESTAMINICS",1,
"FONCS",1,
"FONCS AL PENIS",1,
"DESCANCAR I DEPRESIO",1,
"FONGS",1,
"FONGS AL DIT DEL PEU",1,
"ANTIINFLAMTORI",1,
"DESGASTE CADERA",1,
"DESGASTE CARTILAGO RODILLAS",1,73390
"DESGASTE DE BERTEBRAS COLUMNA LUMBAR",1,
"DESGASTE MENISCO",1,
"ANTITREMOLORS",1,
"DESGAST MUSCUL MA",1,
"FRACTURA DE SOBRECARREGASEGON MTTARSIA PEU DRET",1,
"DESMOIDE CERVICAL",1,
"APNEAS DEL SUENO",1,78603
"DESPRENDIMENT RETINA UE",1,
"DESPRENIMENT DE CORNEA",1,
"DESPRES DE FER MOLT EXERCICI",1,
"GALINDO",1,
"GALTERES",1,
"MALFORMACIO CAP DEL FEMUR",1,
"GARGANTA",1,
"AQNGOIXA",1,
"ARDOR D'ESTOMAC",1,5369
"DIAZEPAN",1,
"ARDORES DE ESTOMAGO",1,5369
"DICOPATIA DEGENERATIVA",1,
"DIES ALTERNATIUS",1,
"ARNEA DEL SUENO",1,
"MANGUITO ROTADOR",1,
"GAUCOMA",1,
"GENERAL",1,
"ARRITMIA FA",1,4279
"DIFICULTAT RESPIRATORIA NIT",1,
"DIFICULTAT URINARIA",1,
"GLANGLIOS",1,
"GLAUCOMA BILATERAL",1,
"GLEUCOMA",1,
"GLOMERULONEFRITIS/ TRASPALANTE RENAL",1,
"ARTOSIS (DESGASTE CARTILAGO RODILLAS)",1,73390
"GLUCOSA",1,
"ARTRITIS REUMATOIDE PALINDROMICA",1,
"DILUIR LS SANGREPLAVP",1,
"DIPOSIT DEL FERRO UNA MICA BUIT",1,2809
"MENOPAUISA",1,6279
"DISCOPATIA L4-L5",1,
"DISCOPATIA VERTEBRES",1,
"MENOPAUSA PREMATURA",1,
"GREIXOS",1,
"GRIPE",1,
"GRIP, REFREDAT",1,
"GUILLEM BARRE",1,3570
"HASHIMOTO",1,
"ARTROSIS DEGENERATIBA GENERALIZADA",1,
"DISPLASIA",1,
"HEMANGIOMA CAVERNOS AL FETGE",1,
"HEMANGIOMA HEPATIC",1,
"MIASTEMIA",1,
"DISPLASIA LLEU COLL UTER",1,
"DISPLASIA SEVERA CUELLO UTERO",1,
"PROSTATITIS  CRONICA",1,
"HEMOGLOBINA BAJA",1,
"MICROPILACTINOMA",1,
"HEMORRAGIA SUBARACNOIDEA",1,
"HEMOSIDEREMIA",1,
"HEMPRROIDE",1,
"ASPIRINA",1,
"HEPATITIAS A",1,
"DOLOR A LES MANS",1,
"MIOCARDIOPATIA HIPERTOFICA CONGENITA",1,
"HEPATITIS INFANTIL",1,
"MIOMA INTRAUTERI",1,
"HERNIA CERVICALES Y ESPALDA",1,
"PARA CONCILIAR SUENO",1,
"AUMENT DE HEMATIES",1,
"DOLOR ARTICULAR/ TENDINITIS",1,71940
"MIOPATIA",1,
"AYUDA DEPRESION",1,
"DOLOR CABEZA-MALESTAR GENERAL",1,
"DOLOR CABEZA O CERVICALES",1,
"DOLOR CABEZA Y PIES",1,
"BAIX NIVEL DE FERRO",1,2809
"DOLOR CERVICAL I LUMBAR",1,
"BAIX NIVELL DE CALC",1,27540
"BAJA DE ACIDO FOLICO",1,
"DOLOR CODO",1,
"DOLOR CRONICO",1,
"DOLORDE CABEZA",1,7840
"DOLOR DE CABEZA, ARTICULACIONES",1,71940
"DOLOR DE CABEZA ESPORADICO",1,
"DOLOR DE CABEZA O MUSCULAR",1,
"BECET",1,
"DOLOR DE CABEZA O RODILLA",1,
"BERTEBRES LUMBARS",1,
"BETA-BLOQUEJANT",1,
"BIEN ESTAR",1,
"BILIRRUBINA ALTA",1,
"BIPOLARIDAD LEVE",1,29680
"DOLOR DE HERNIA DISCAL",1,
"BLEFAROESPASME ULL",1,
"BLOQUEIG BRANCA ESQUERRA",1,
"DOLOR DENTAL",1,
"HERNIA DISCALM Y CERVICAL",1,
"HERNIA DISCALS",1,
"BROMQUITIS CRONICA POR FUMAR",1,
"BRONCOESTASIS",1,
"BRONQUIECTASIA",1,
"BRONQUITIS ACTUAL",1,
"BRONQUITIS ASMATICA CRONICA",1,
"DOLOR EN EL HOMBRO",1,
"HERNIA NO COMPRESIVA. LUMBOCIATICAS DE REPETICION",1,
"BRUXISMO",1,
"DOLORES CERVICALES Y DE ESPALDA",1,7245
"BUFETA HIPERACTIVA",1,
"HERNIAS,EVENTRACIONES",1,
"HERNIA UMBILICAL",1,
"HERNIES DISCALS/CIATICA",1,
"DOLORES MUSCULARES OCASIONALES",1,
"NEUROFIBROMA CIATICO DE SCHWANNOMA",1,
"NEUROFIBROMATOSIS GRADO UNO",1,
"BULIMIA NERVIOSA/ALIMNETACIO COMPULSIVA",1,30751
"DOLORES  MUSCULARES",1,
"BUSQUEDA DE EMBARAZO",1,000
"HERPES CORNEAL",1,
"HERPES VAGINAL",1,
"CABELL I UNGLES",1,
"HERPEX ZOSTER",1,0539
"CABEZA",1,7840
"DOLORES Y NERVIOS",1,
"DOLOR, FATIGA",1,
"DOLOR GASTRICO",1,
"CAIDA DE PELO",1,70400
"DOLOR GENERAL ESPORADICO",1,
"CALAMBRES MUSCULARES",1,
"CALC",1,27540
"CALCI DESCOMPENSAT",1,27540
"DOLOR I FATIGA",1,
"CALCIFICACION HOMBRO",1,27540
"DOLOR LEVE",1,
"CALCUL AL RONYO",1,5920
"DOLOR LUMBAR / CIATICA",1,7242
"CALCULO CORALIFORME",1,
"CALCULO RENAL",1,5920
"CALCULOS EN EL RINON",1,5920
"DOLOR MENSTRUAL, MAL DE CAP",1,6269
"CALMANTE",1,
"CAMAS INQUIETAS",1,33394
"CAMES INQUIETES/SINDROME POST-POLIO",1,33394
"CANDIASIS BUCAL",1,
"HIPERPLAXIA PROSTATICA",1,
"HIPERPROLACTILEMIA",1,
"DOLOR MUSCULARS",1,
"DOLOR NEURALGIC (CERVICALS)",1,7292
"DOLOR ARTICULACIONES",1,71940
"ATROSIS EN LA CADERA",1,
"AUSENCIES",1,
"CARCINOMA BASOCEL?LULAR",1,
"OLOR DE ESPALDA",1,7245
"HIPERTENSIO PULMONAR",1,
"DOLOR RODILLAS",1,
"DOLORS ARTICULARS",1,
"DOLORS DE CABEZA",1,7840
"DOLORS D'OSSOS",1,
"OPERACION DE LA MAMA",1,
"CARRASPERA CRONICA",1,
"DOLOR VERTEBRAL I HERNIES OPERADES",1,
"OPERADA D'OBESITAT MORDIBA",1,
"OPERAT NEURINOMA A L'ESQUENA ZONA LUMBAR",1,
"ORINO MUCHO ULTIMAMENTE",1,
"DOLR ARTICULAR",1,
"INTOL?LERANCIA ALIMENTARIES",1,
"HIPERTRIGLICEMIA",1,
"HIPERTROFIA BENIGNA DE PROSTATA",1,
"HIPERTROFIA PROSTATICA",1,
"HIPERTROIDISME",1,
"REGULAR ACIDO URICO",1,
"DULO DE ESQUENA",1,7245
"HIPO",1,
"REGULAR INTESTINS",1,
"OTITIS",1,
"HIPOACUSIA BILATERAL SEVERA",1,
"HIPOACUSIA NEUROSENSORIAL",1,
"EMORRAGIA MENSTRUACIO",1,6269
"HIPOACUSIA SEVERA",1,
"CERT MALESTAR D'ESTOMAC",1,
"HIPOTENSIO",1,
"HIPOPARATIROIDISMO",1,
"HIPOTERIODISME",1,
"ENDOMETRIOSSIS",1,6179
"ENDOMETRI",1,
"ENFERMEDAD DEL BESO. MUNONUCLEOSIS",1,075
"HIPOTIRIODISME",1,
"HIPOTIRIODISMES",1,
"HIPOTIRIORISME",1,
"RENYO",1,
"RESFRIADOS",1,460
"PNUEMONIA",1,
"RETENCIO DE LIQUITS",1,
"HIPO TIROIDISME",1,
"PARA EL DOLOR CRONICO",1,
"EPICONDILITIS",1,
"HIPOTIROIDISME DE HASHIMOTO",1,
"PARA LA ESPALDA",1,7245
"EPILONEFRITIS",1,
"EPOP",1,
"EQUILIBRAR TENSION",1,
"PARALISI FACIAL DRETA",1,
"POLIPOSIS NASAL",1,
"PROTECTOR ESTOMEC",1,000
"TEMBLOR MANOS",1,
"FIBROMA-ISTERECTOMIA",1,
"PARA  RECUPERARME",1,
"PARA REFORZAR LOS HUESOS",1,
"PARA TIROIDES",1,
"HERNIA DISCAL C5-C6",1,
"PASTILLAS ANTICONCEPTIVAS",1,V259
"POLIPS BUFETA FEL",1,
"PATOLOGIA PSICOLOGICA",1,
"HERNIA DISCAL, ESPONDILITIS",1,
"PEDRES VESICULA BILIAR",1,
"FIBROMIALGUIA",1,
"PEL CABELL",1,
"HIRSUTISMO",1,
"HISTERECTOMIA",1,
"HONGO",1,
"CLUCOSA",1,
"HONGOS",1,
"HONGOS UNAS",1,
"ESOFAGITIS/GASOS",1,
"HONGOS UNAS PIES",1,
"HORMIGUEO EN LA PARTE DERECHA DE LA CARA",1,
"HPB",1,
"HYPOTIROIDES",1,
"COLIALISTICTOMIA",1,
"ESCLEROSI MULTIPLE PROGRESSIVA LENTA",1,340
"COLICS NEFRITICS CRISTALLS ACID URIC",1,7880
"COLITIS CRONICA",1,
"SENSIBILIDAD NEUROLOGICA",1,
"ESTABILITAT EMOCIONAL",1,
"INFECCIO CYTIOMEGALOVIRUS",1,
"INFECCIO INTESTINAL",1,
"PERDER PESO",1,
"INFECCION BACTERIANA TEJIDOS BLANDOS SUELO PELVICO BAJO",1,
"PERDIDA DE ORINA",1,
"ESTAT ANIMIC I DEFICIENCIES NUTRITIVES",1,
"INFECCION DE OIDO",1,
"COMPLEMENT",1,
"ESTAT D`ANIM",1,
"INFECCION DE ORINA",1,5990
"COMPLEMENTO VITAMINICO",1,
"COMPLEMENTS",1,
"COMPLEMENT VITAMINIC FERRO",1,2809
"COMPLEMNT VITAMINIC",1,
"ESTENOSI D'URETRA",1,
"INFECCIO PER FONGS ALS PEUS",1,
"ESTENOSIS DE CANAL MEDULAR",1,
"ESTENOSIS URETRAL",1,
"ESTETICA",1,
"ESTOMAC PROTECTOR",1,000
"INFLAMACIO D'ESOFAG",1,
"ESTOMAGO Y ANTIFLAMATORIO",1,
"ESTOMEC",1,
"INFLAMACION CRONICA DEL INTESTINO",1,
"INFLAMACION DE ESTOMAGO",1,
"INFLAMACION DE PROSTATA",1,
"CONDROPATIA FEMOROPATELAR BILATERAL GRAU IV",1,
"CONDROPATIA GENOLL",1,
"CONDROPROTECTOR",1,
"CONEXIO NEUROTRANSMISORS",1,
"CONGESTIO NASSAL",1,
"CONGESTION DEL OIDO",1,
"CONIZACION DEL UTERO",1,
"INFLAMACIO PROSTATA",1,
"ESTRES PER MALATIA DE LA ESPOSA",1,
"INSOMIO",1,
"INSOMNI /",1,
"INSOMNI CRONIC",1,
"INSOMNI/NERVIS",1,
"INSOMNIO O PREOCUPACION",1,
"SINDROME PIERNAS INQUIETAS",1,33394
"INSOMNNI",1,
"CONTRACTURAS CERVICALES",1,
"INSUFICIENCIA RENAL CRONICA LEVE",1,
"CONTRACTURES FACILS",1,
"CONTRACTURES MANDIBULARS",1,
"EXCESO DE GLOBULOS ROJOS",1,
"EXTIRPACIO GANDULA TIROIDEA",1,
"INTOLERANCIA A LACTOSA, FRUCTOSA I SORBITOL",1,
"EXTIRPACIO TIROIDES PER NODUL",1,
"CONTROL METABOLISME HIDRATS DE CARBONI PER CONTROL DEL PES",1,
"CONTROL PESO",1,
"EXTRASISTOLES SUPRAVENTRICULARS",1,
"ANIMIC/NERVIOS",1,
"CORDES VOCALS",1,
"COR DISPARAT",1,
"CORESTEROL",1,
"FALTA B12",1,
"FALTA DE B12",1,
"LA MENSTRUACIO",1,6269
"LA PROSTATA",1,
"PIEDRAS EN VESICULA",1,
"PIEL ATOPICA",1,
"LESIO MEDULAR",1,
"LESION MEDULAR",1,
"LESION POR VPH",1,
"PIES INQUIETOS",1,33394
"PINCAMENT CIATIC",1,7243
"LESSIO TRAUMATOLOGICA",1,
"PINZAMENT VERTEBRAS L4-L5",1,
"FALTA VITAMINA D3",1,2689
"FARINGE",1,
"ANSIEDAD, TIROIDES, SUENO",1,
"DEFICIT ABSORCIO",1,
"FASCITIS PLANTAR, ESPOLONES, CONTRACTURAS",1,7294
"DEFICIT CALCI",1,27540
"LIQUEFIAR LA SANGRE",1,
"FATIGA CRONICA Y FIBROMIALGIA",1,
"TAMSUSOLINA",1,
"FEBRE REUMATICA",1,
"FEBRES DE MALTA",1,
"FERRATINA BAIXA",1,2809
"FERRITINA BAIXA",1,2809
"FERRO, DERMOGRAFISME, PICORS A LA PELL",1,2809
"FERROPENIA SENSE ANEMIA",1,2809
"FETGE TOXIC",1,
"FIBIOMALGIA",1,
"LLAGA AL DUODE",1,
"FIBRIOMALGIA",1,
"DEGENERACIO MACULAR",1,
"LLEUGER ESTAT NERVIOS",1,79921
"DEIXA DE FUMAR",1,
"LUMBALGIA FORTA",1,7242
"LUMBALGIA, MENICS FASCISTIS PLANTAR",1,7242
"POLIPOS VESICULA BILIAR",1,
"TENDINITIS SUPRAESPINOSA",1,
"LUMBARES",1,7242
"LUMBARGIA",1,7242
"POLIPS ESOFAG",1,
"TENGO EL HIGADO UN POCO DELICADO",1,
"DOLOR DE CAIXAL",1,
"DEPRESION, INSOMNIO",1,
"MA INFLADA DESPRES DE TRANCAR-ME EL BRAC",1,
"FIBROMILGIA",1,
"TENSIO INTRA OCULAR",1,36504
"FIEBRES REUMATOIDES",1,
"MAL A LES ARTICULACIONS",1,
"POQUES HORMONES",1,
"POR DETECTAR CELULAS DE TUBERCULOSIS",1,01190
"FIMOSI",1,
"FIMOSIS",1,
"FISURA ANAL",1,
"MALALTIA PELL AUTOIMMUNE",1,
"DEPRESSO",1,
"MAL A UNA CAMA PER HERNIA DISCAL PROVOCADA PER ESPONDILOLISTESI L5-S1",1,
"FLUIDEZ SANGRE",1,
"DEPURATIVA",1,
"MAL DE CAP, DOLOR REGLA",1,6269
"MAL DE CAP/DOLORS MUSCULARS",1,7840
"FOBIAS",1,
"MAL DE CAP I DOLOR MUSCULAR",1,7840
"FOCUS IRRITATIU",1,
"DERRAME PLEUROPERICARDIC",1,
"FOGOTS DE LA MENOPAUSIA",1,6279
"DESAJUSTOS HORMONALS",1,
"MAL DE CAP O DOLOR GENERAL",1,7840
"MAL DE CAP O LUMBALGIA",1,7242
"FONG A L?UNGLA DEL PEU",1,
"MAL DE CAP O MUSCULAR",1,7840
"MAL DE CAP, REGLA",1,6269
"DESGAST DEL CARTILEG",1,73390
"FONS IRRITATIU TEMPORAL ESQUERRA",1,
"FOP CON SHUN I-D",1,
"FORTALECER COLUMNA VERTEBRAL",1,
"FORTES MENSTRUACIONS",1,6269
"DESGASTE RODILLAS",1,
"FRACTURA DE COSTELLA",1,
"MAL D?ESQUENA I DIFICULTAT PER A DORMIR.",1,7245
"FRBROMIALGIA",1,
"DESPRENDIMENT DE VITRI",1,
"FRIBROMALGIA Y ARTROSIS",1,
"FUGOTS",1,
"FUROSEMIDA",1,
"MAL ESTOMAG",1,
"MALFORMACIO AL SACRE",1,
"TRACTAMENT DE FERTILITAT",1,
"MALT DE GENOLLS",1,
"DIABETIS DURANT L'EMBARAC",1,
"DIARREA",1,
"GASTRITIS ATROFICA AUTOINMUNE",1,
"DICOCOLON",1,
"MANCA VITAMINA B",1,
"DIFICULTAD CONCILIAR SUENO",1,
"PREVENIR ISQUEMIES CEREBRALS",1,
"MANIAS",1,
"MASTOCITOSIS SISTEMICA",1,
"GENOLLS",1,
"GILBERT",1,
"GINECOLOGICA",1,
"MEMINGIOMA",1,
"MEMORIA",1,
"PROBLEMA DIGESTIVO",1,
"PROBLEMA HEMATOLOGICO",1,
"DIGESTIVA",1,
"MENINGOENCEFALITIS LINFOCITARIA (PROBABLE ETIOLOGIA HERPETICA)",1,
"DILATACION URETRAL",1,
"GMSI",1,
"MENISCS OPERATS",1,
"PROBLEMAS PIPI",1,
"GOTES NAS",1,
"PROBLEMES DEL SON",1,78050
"TRASTORN OBSSIU COMPULSIU",1,
"MENOPAUSIA. ANIMO",1,
"MENOPAUSIA AVANCADA",1,6279
"MENOPAUSIA I PELL",1,
"MENOPAUSIA-SOFOCOS",1,6279
"MENSTRUACIO/MIOMES",1,6269
"DISPEPSIA OCASIONAL",1,
"HEMAIGIOMA",1,
"MERALGIA PARESTESICA ESQUERRA I DOLOR , CREMOR, FORMIGUEIX I RAMPES EN CAMES",1,
"MIALITIS-VERTIGO",1,
"PROSTATA GRANDE",1,
"HEMATOMACROSIS",1,
"HEMITIROIDECTOMIA",1,
"TREMOLORS CAUSATS PEL PLENUR",1,
"MICROHEMATURIA A L'ORINA",1,
"PROSTATITIS / INFECCIO ORINA",1,5990
"MIGRANA, DOLOR MENSTRUAL",1,6269
"PROTATITIS",1,
"PROTECCIO",1,000
"DOLOR,",1,
"MILLORAR LA DIGESTIO",1,
"HEPATITIS AGUDA",1,
"PROTECCIO ESTOMEG",1,000
"HEPATITIS DESCONEGUDA",1,
"TROMBOS",1,
"TALASEMIA MINOR",1,
"PROTECCION SOLAR",1,000
"TRONCANTERITIS",1,
"MIOMES UTERINS",1,
"PROTECIO GASTRICA",1,000
"MIOPERICARDITIS",1,
"MIOPIA FORTA",1,
"MOLA",1,
"DOLOR CERVICAL I ESQUENA.",1,
"MOLESTIAS ESTOMACALES",1,
"DOLOR CERVICAL I MUSCULAR",1,
"DOLOR CERVICALS",1,
"HIPO TIROIDISMO",1,
"LLEUGERA HIPERTESIO",1,
"MONONUCLEOSIS",1,075
"MONONUCLEOSIS INFECCIOSA",1,075
"MONONUCLEOSSIS",1,075
"MORT DE LA MARE",1,
"DOLOR DE CABEZA O MUSCULATURA",1,
"HERNIA DISCAL C6-C7",1,
"DOLOR DE CABEZA Y CERVICALES",1,
"DOLOR DE CABEZA Y LUMBARES",1,7242
"DOLOR DE CADERA",1,
"PEDRES AL RUNYO",1,
"DOLOR DE ESQUENA",1,
"HERNIA DISCAL L4-L5",1,
"DOLOR DE HUESOS Y CABEZA",1,
"DOLOR DE MUELAS",1,
"HERNIA DISCAL LUMBAR L4/L5 YL5/SACRA1",1,
"NERVIO MOTRIZ Y SENSITIVO",1,
"NERVIOS-ANSIEDAD",1,
"DOLOR DERIVAT DE L'HERIA DISCAL",1,
"HERNIA HIATO CONGENITA",1,
"DOLOR DE RODILLAS",1,
"DOLOR DORSAL",1,
"DOLOR ELS OSSOS",1,
"HERNIA LUMBAR",1,
"NEUMONIA/PERICARDITIS",1,
"DOLORES ARTICULARES",1,
"HERNIAS DE DISCO Y ALTROPATIA EN EL HOMBRO",1,
"DOLORES DE CABEZA",1,7840
"NEURALGIA DEL TRIGEMIN",1,7292
"NEURALGIA DEL TRIGEMINIO",1,7292
"NEURALGIA PUDENDO",1,7292
"DOLORES MESTRUALES ENDOMETRIOSIS",1,6179
"HERNIS DE HIATO",1,
"QUISTE SINUVIAL",1,
"QUISTES OVARICS",1,
"HERPES ZOSTER FACIAL",1,0539
"DOLOR ESPALDA/PIERNA",1,7245
"QUISTES RONYONS",1,
"DOLORES VARIOS",1,
"HIERRO BAJO",1,2809
"HIPERACTIVIDAD",1,
"HIPERACTIVIDAD BRONQUIAL",1,
"DOLOR GENERAL",1,
"NODULO FRIO EN EL TIROIDES",1,
"DOLOR GENERALITZAT",1,
"DOLOR GENOLL",1,
"DOLOR GENOLL OPERAT",1,
"HIPEROSTOSIS ESQUELETICA DIFUSA (DISH)",1,
"DOLOR-INFLAMACION",1,
"NODULS TIROIDALS",1,
"DOLO RLUMBAR",1,7242
"HIPERPLASIA BENIGNA PROSTATICA",1,
"DOLOR: MAL DE CAP, DOLOR PREMENSTRUAL",1,6269
"DOLOR MENSTRUACIO",1,6269
"DOLOR MENSTRUAL; CONTRACTURA; INFLAMACION GARGANTA",1,6269
"OBESIDAD,",1,
"DOLOR MUELA",1,
"DOLOR MUELAS",1,
"DOLOR MUSCUAR",1,
"DOLOR  MUSCULAR",1,
"OBSESION Y ANSIEDAD",1,
"OBSESSIO DELIRANT",1,
"HIPERPROSTASIA BENIGNA",1,
"HIPERQUERATOSIS",1,
"HIPERREACTIVIDAD BRONQUIAL",1,
"HIPERREACTIVITAT BRONQUIAL",1,
"DOLOR OROFACIAL",1,
"DOLOR OSSI",1,
"HIPERSENSIBLE/FALTA D?AFECTE",1,
"DOLOR NEUROLOGICO",1,
"DOLOR NEURONAL",1,
"CARCINOMA BASCULAR SUPERFICIAL REGIO ESCOT",1,
"DOLOR PREMENSTRUAL",1,6269
"PER POGUE DORMIR",1,
"OPERACION",1,
"REFORC MUSCULAR",1,
"OPERACIO REDUCCIO ESTOMAC",1,V4586
"DOLOR TALON",1,
"REFREDATS",1,460
"REFUJO ESOFAGICO",1,
"REGENERA EL CARTILAC",1,73390
"PROTECTOR MUSCOLAR",1,
"DORMI",1,
"OSTEOARTOSIS",1,
"OSTEOCONDROMATOSI MULTIPLE",1,
"OSTEONECROSIS CONDILO FEMORAL IZQUIERDO",1,
"OSTEOPOROIS",1,
"P,ESTOMACAL",1,
"SNDROMEWOLFFWHITE",1,
"HIPETERSION E INSOMNIO",1,
"SOFOCACIONS MENOPAUSIA",1,6279
"REGULAR LA MENSTRUACION",1,6269
"OTOESCLEROSI",1,
"OTOESCLEROSIS",1,
"SOMATITZACIONS",1,
"EN CAS DE MALALTIES O INDISPOSICIONS LLEUS",1,
"REGUL. TIROIDES",1,
"OVARIS POLIQUISTICS",1,
"PAMCREAS",1,
"HIPOTENSION ARTERIAL",1,
"HIPOTEROIDISMO",1,
"RELAJARME UN POCO POR LA NOCHE",1,
"HIPOTIEROIDISME",1,
"PAPERA",1,
"PAPERAS",1,
"PAPIL?LOMA HUMA",1,
"PITIRIASI LIQUENOIDE CRONICA",1,
"SUBSTITUTIU DE LA TIROXINA",1,
"PROTECCION ESTOMACAL",1,000
"PROTECCION ESTOMAGOI",1,000
"PARA DOLOR DE ESPALDA Y CERVICALES",1,7245
"RETENCIO LIQUITS",1,
"PARA EL DOLOR DE COLUMNA  CERVICALES Y LUNBARES",1,
"HIPOTIROIDISME DE HASCHIMOTO",1,
"RETENCION TEMPORAL DE LIQUIDOS",1,
"RETIDA DE LA REGLA PRECOCMENT",1,6269
"PARA LA MENOPAUSA",1,6279
"TCA",1,
"PROTECTOR D?ESTOMAC",1,000
"PROTECTOR D'ESTOMAC PER L'IBUPROFE",1,000
"TUMOR BENIGNO EPIDERMICO EN LA VULVA",1,
"MAL DE CAP TENSIONAL/ DOLOR MENSTRUACIO",1,
"PARA PODER MICCIONAR BIEN",1,
"ERNIA DE IATO",1,
"RIEGO SANGUINEO",1,
"PERDUA CARTILAG",1,73390
"MUCOSIDAD",1,
"PROTESSI E CADERA",1,
"TENDON ROTO TENDINITIS",1,
"PROTETOR",1,
"PROTISIO LUMBAR",1,
"PROTUCIO CERVICAL",1,
"MAGNESIO",1,
"RODILLA",1,
"TENSIO ALTA DE L'ULL",1,
"PEL CORTISOL",1,
"PEL DOLOR",1,
"PEL DOLOR ARTICULAR",1,
"HONGO EN LA UNA",1,
"HONGOS UNAS DE LOS PIES",1,
"PELL ATOPICA",1,
"SACROILEITIS",1,
"PEL MAL DE LA REGLA I MAL DE CAP",1,6269
"PEL MATI",1,
"IBUPROFE",1,
"ESPASMES A LA BUFETA",1,
"ESPASMES ESOFAGICS",1,
"ESPASMOS ESTOMACALES",1,
"COLESTEATOMA",1,
"COLESTEATOMA OD",1,
"COLICS NEFRITICS - CALCULS D'OXALAT CALCIC",1,7880
"ESPONDILITRIS",1,
"ESPONDILOSIS L4-L5",1,
"INFECCIO CUTANEA",1,
"SEQUEDAD VAGINAL",1,
"PER CONTROLAR TICS",1,
"SEQUETAT D'ULLS",1,
"PER DESCANSAR",1,
"SERATONINA",1,
"INFECCION DE ANGINAS",1,
"PER DILUIR LA SANG",1,
"SINOVITIS VELLONODULAR PIGMENTADA",1,
"SIATICA",1,
"SIFILIS",1,
"PER DOLORS MUSCULARS",1,
"INFECCION MUELA",1,
"INFECCIONS D'ORINA RECURRENTS",1,5990
"ESTEATOSI D'ORIGEN NO ALCOHOLIC",1,
"ESTEATOSI HEPATICA",1,
"INFECCIO RENAL",1,
"INFECION DE OIDO",1,
"INFLACACIO ARTICULACIO; PER CONCILIAR EL SON",1,
"INFLAMACIO ARTICULACIONS",1,
"PER ESTAR MES TRANQUILA",1,
"INFLAMACIO GENOLL",1,
"INFLAMACION",1,000
"PER HERNIA HIATO",1,
"PERICARDITIS VIRICA",1,
"PERIMENOPAUSIA",1,
"INFLAMACION DE RODILLA",1,
"PERIODE",1,
"ESTRECHAMIENTO VESICAL",1,
"INFLAMACION ESOFAGOB",1,
"ESTRENYIMENT DE L'ESOFAG",1,
"INFLAMACION MUSCULAR",1,
"ESTRES I ANSIETAT",1,
"ESTRES I RETENCIO DE LIQUIDS",1,
"ESTRES LABORAL",1,
"PER L'ESTOMAC",1,
"PER L'HERNIA DISCAL",1,
"PER NO TENIR LA REGLA",1,6269
"PEROCARDITIS",1,
"PER ORINAR MENYS A LA NIT",1,
"PROBLEMA CAPILAR",1,
"SINDROME POST POLIO",1,
"INSUFICIENCIA PANCREATICA ENDOCRINA",1,
"GLUCOMA",1,
"EVITAR DESCALCIFICACIO OSSOS",1,27540
"SINDROME TUNEL CARPIA",1,
"EVITAR REFLUX D'ESTOMAG",1,
"EXCES D'HISTAMINA",1,
"PER RELAXA",1,
"PER RELAXAR TENSIO",1,
"PER STRESS",1,
"INTOLERANCIA A LA LACTOSA",1,
"INTOLERANCIA SORBITOL",1,
"EXTRASISTOLES",1,
"IPERACTIBIDAD UNA MICA DE HORINA",1,
"CORAZON MAS GRUESO DE LO HABITUAL",1,
"EXTRASISTOLIA",1,
"FALLO OVARIC",1,
"FALTA ACIDO FOLICO",1,
"KLINELFERTER",1,
"L",1,
"SOFOCOS MENOPAUSIA",1,6279
"SOM",1,
"PIEL-MUCOSAS",1,
"PIELONEFRITIS AGUDA",1,
"PIEL Y HUESOS",1,
"SOMNOLENCIA IDEOPATICA",1,
"SOPLO",1,
"PINCAMENT LUMBAR",1,
"TRISTEZA, DORMIR, ESTRES, ANSIEDAD",1,
"PINZAMIENTO DE NERVIO",1,
"PIODERMA GANGRENOS",1,
"LIGERA VALVULOPATIA MITRAL IZQUIERDA",1,
"LIKEN PLA",1,
"DEFICIENCIA PANCREATICA EXOCRINA",1,
"FASCISTIS PLANTAR",1,
"LIPOMAS MATRIZ",1,
"FASCITIS PLANTAR/ MAL DE CAP",1,7294
"PLEURA TUBERCULOSA",1,01190
"LIQUEL ATROFICO",1,
"DOLOR ARTICULAR/MUSCULAR",1,
"LIQUEN ESCLEROS",1,
"LIQUEN ESCLEROSO VULVAR",1,
"LIQUEN PLANO EN LA BOCA",1,
"LISTESIS LUMBAR,MENISCOPATIA",1,
"LITIASI BILIAR",1,
"LITIASIS",1,
"LITIASIS BILIAR",1,
"LITOTRICIA INFECCIOSA",1,
"TDAH COMBINADO",1,
"LLAGUES A LA BOCA I UN PARELL DE COPS VAGINALS",1,
"MOLSTIES ESTOMAC",1,
"HERNIA DE STOMAGO",1,
"FIBROMIALGIA CON FATIGA CRONICA",1,
"TENDINITIS CALCIFICANT ESPATLLA",1,
"RIESGO DE TROMBOSIS",1,
"POLIPS AL INTESTI",1,
"HERNIA DISCAL CERVICAL, ESCOLIOSIS Y PROTUSION LUMBAR",1,
"TENER SUENO DE CALIDAD",1,
"RINOSINUSITIS CRONICA",1,
"HERNIA DISCAL GRADO II",1,
"HERNIA DISCAL I CERVICAL",1,
"POLIPS NASAL I CORRECCIO TABIC NASAL",1,
"POLIPS TIROIDES",1,
"HERNIA DISCAL L5 S1",1,
"MALA DIGESTIO",1,
"POLIQUISTOSI RENAL",1,
"TENSION EN EL OJO",1,
"TENSION OJO",1,
"MALALTIA DE GROVER",1,
"MALALTIA DE HASHIMOTO(TIROIDES)",1,
"MALALTIA MENTAL",1,
"POST CIRURGIA",1,
"FLEBITIS",1,
"POTASI",1,
"MAL DE CAP, DOLOR DE REGLA",1,6269
"FLUIDOS ESTOMAGO",1,
"PRECAUCIO",1,
"TIROIDE COLECTEROL",1,
"PRE-MENOPAUSA",1,6279
"PRECION ARTERIAL",1,
"MAL DE CAP, ESGUINC",1,
"PRE MENOPAUSEA",1,6279
"MAL DE CAP I GRIP",1,
"FOGOTS",1,
"PRESBICIA",1,
"PRESIO (9 I 14)",1,
"PRESIO ALTA",1,
"PRESION",1,
"PRESION OCULAR ALTA",1,36504
"FONGS A LES UNGLES DELS PEUS",1,
"MAL DE CERVICALS",1,
"MAL DE GENOLL",1,
"MAL DE GENOLLS",1,
"MAL DE GILBERT",1,
"FOTOSENSIBILIDAD",1,
"MAL D?ESQUENA",1,7245
"PREVENCIO EMBARAS",1,000
"MAL DESTOMEC",1,
"FRECUENCIA CARDIACA ELEVADA",1,
"MALESTAR-ACOSTIPAT",1,
"MALESTAR ESTOMACAL",1,
"MALESTAR GRAL.",1,
"PREVENCION EMBARAZO",1,000
"PREVENCION GLAUCOMA",1,
"REFLUGO ESOFAGICO",1,
"PREVENCION POR FALTA DE   HIERRO HIERRO",1,2809
"GAS",1,
"GASTITIS",1,
"MANCA DE POTASI",1,
"GASTRITIS/CICURLATORI",1,
"PREVENCIO TROMBOSIS",1,
"MANCA VIT D",1,
"GASTROENTERITIS",1,
"OBSTRUCCIO VIES RESPIRATORIES ALTES",1,
"PREVENIR RESFRIADOS",1,460
"PREVENTIU",1,000
"MEDICACION ESPECIFICA PARA FIBROMIALGIA",1,
"MEGACOLON",1,
"MEJORAR ESTADO ANIMICO",1,
"PRINCIPI DE DEPRESSIO",1,
"OMEPRAZOL",1,
"ONGLES DANYADES",1,
"TRANSTORNO DE ANSIEDAD",1,
"OPERACIO DE PEU",1,
"PROBLEMAS DEL SUENO",1,
"GLUCOSA ALTA",1,
"MENISCO Y CARTILAGO",1,73390
"PROBLEMAS GASTRICOS",1,
"TRASTORN EMOCIONAL",1,
"MENOPAUSA, ANGOIXA",1,
"TRASTORNO BIPOLAR",1,29680
"SINROME CAMES INQUIETES",1,33394
"PROBLEMES GASTRICS",1,
"PROBLEMES GENOLL",1,
"PROBLEMES MENTALS",1,
"PROBLEMES SON",1,78050
"PROBLEMES ULL",1,
"PROFILAXI",1,
"PROLAPSE UTERI",1,
"PROSTATA BENIGNA",1,
"TREMOLOR",1,
"MIASTENIA GRAVIS",1,
"MICOSIS FUNGOIDE",1,
"HIPOACUSIA OTOTOXICA",1,
"PROSTATITIS CRONICA I TEMA PSIQUIATRIC",1,
"TRIGLESERIDOS",1,
"PROSTATS",1,
"TRIGLICERID",1,
"PANCREAS",1,
"MILLORAR ANIM",1,
"PROTECCIO ESTOMACAL",1,000
"MIOCARDIOPATIA DILATADA",1,
"TROMBOEMBOLISMO PULMONAR",1,
"MIOCLONUUS NOCTURNO.MENOPAUSIA",1,
"MIODESOPSIAS",1,
"PROTECCION DE ESTOMAGO",1,000
"NEUMOTORAX ESPONTANEOS",1,
"PEQUENA DEPRESION",1,
"TROMBOSIS EN PIERNA IZQUIERDA",1,
"SD. WOLF-PARKINSON-WHITE",1,4267
"PROTECION DE ESTOMAGO",1,000
"MIOPIA",1,
"PROTECION PROSTATA",1,000
"PROTECTOR DE ESTMAGO",1,000
"HERNIA DE HIATO Y HIPOTIROIDISMO",1,
"PROTECTOR DEL ESTOMAGO",1,000
"HIPOTIROIDISME SUBCLINIC",1,
"REUMA ESPONDILITIS ANQUILOSANT.",1,
"TEMBLOR",1,
"POLIPOSIS NASOSINUSAL",1,
"PROTECTOR Y ANTIINFLAMATORIO",1,000
"PROTEFCTOR ESTOMACAL",1,
"PROTESIS DENTAL",1,
"PROTESIS LUMBAR",1,
"TUMOR NERVIO OIDO",1,
"MULTIVITAMINICO",1,
"TENDINOPATIA ROTULIANA",1,
"HERNIA DISCAL DORSAL",1,
"NATURAL/PREVENTIVA",1,000
"NEFRITIS CRONICA TIPUS IGA",1,
"NEFROPATIA",1,
"NEFROSIS",1,
"HERNIA DISCAL L5",1,
"ROTURA DEL TENDON SUPRAESPINOSO",1,
"NERVIO FACIAL ALTERADO",1,
"PSICOSIS MANIACO DEPRESIVA. TRASTORNO BIPOLAR.",1,29680
"PSIQUIATRIA",1,
"HERNIA FORAMINAL",1,
"NERVIS E INSOMNI",1,
"HERNIA HIATOS",1,
"HERNIA INGUINAL IZQUIERDA",1,
"HERNIA INGUINEAL",1,
"NEUMONIA,",1,
"QUISTE",1,
"HERNIAS CERVICALES",1,
"NEUMOTORAX",1,
"HERNIAS DISCALS",1,
"QUISTE RENAL SINUSAL",1,
"QUISTER OVARIC",1,
"QUISTES",1,
"HERNIES",1,
"NEURALGIA TRIJEMINO,COLON IRRITABLE  GASTRITIS CRONICA  FIBROMIALGIA , TATIGA CRONICA",1,7292
"NEURODERMATITIS",1,
"VALVULA AORTICA",1,
"VALVULA AORTICA BICUSPIDE",1,
"TIROIDES, OPERADA D?UN GANGLI ADOSAT A LA TIROIDES",1,
"VARICEL?LA",1,
"HIDROCEFALIA",1,
"NIVEL BAJO",1,
"NIVELES BAJOS DE  VITAMINA B12",1,
"NIVELLAR NIVELL TIROIDES",1,
"HIPERCALCIURIA, HIPERFOSFATURIA",1,
"QUITAR EL DOLOR",1,
"HIPERERUCEMIA",1,
"HIPERLAXITUD LLIGAMENTOSA",1,
"HIPERLORDOSI",1,
"NODULS A LES TIROIDES",1,
"NODULS SOLIDS",1,
"RECTOCELE",1,
"NODULS TIROIDES",1,
"NODUL TIROIDAL FRED",1,
"HIPERPLASIA COMPLEXA D'ENDOMETRI",1,
"NO TINC TIROIDE",1,
"NUTRICION",1,
"SINDROME DE HASHIMOTO",1,
"HIPERPLASSIA PROSTATA",1,
"OBESITAT MORBIDA",1,
"OBSESION",1,
"HIPERPLASTIA DE PROSTATA",1,
"VITAMINAS CABELLO",1,
"VITAMINAS DEL EMBARAZO",1,
"OBSESSIO EMOCIONAL",1,
"OBSTRUBCIO VENOSA",1,
"PER LES ARTICULACIONS",1,
"VITAMINES PER A LES OIDES",1,
"HIPERSENSIBILIDAD DE LA PIEL",1,
"HIPERSENSIBILITAT BRONQUIAL",1,
"OIDO",1,
"HIPERSOMNIA IDIOPATICA",1,
"REFLUX GASTRIC I ACIDESA",1,53081
"SINDROME MUSOSES SEQUES",1,
"REFLUX GASTRIC I PROITECCIO.",1,
"OPERACIO",1,
"SINDROME SJORGEN",1,
"REFORC CARTILAGS",1,73390
"ZONA LUMBAR",1,
"REFREDAT I/O DOLOR",1,
"OPERACIO ULL",1,
"TYROIDIS",1,
"POLIPS NASAL",1,
"QUISTES TIROIDEOS",1,
"VASCULAR",1,
"PER TIROIDECTOMIA",1,
"ULCERA DUODENO",1,
"SINDREME DE RAYNAUD",1,
"SINDREM OBSESIU",1,
"SINDRIME DE RAYNAUD",1,
"TIROXINA",1,
"SINDROME ANTIFOSFOLIPIDOS",1,
"OSTIOMELITIS",1,
"TLP (BORDERLINE)",1,
"RELAXANT DEL SISTEMA URINARI",1,
"SUBIR EL NIVEL DE HIERRO",1,2809
"TREMOLOR ESENCIAL",1,
"VISTA",1,
"OVARI POLIQUISTIC",1,
"TRANSTORN DEL SON",1,78050
"PALDA CIATICA",1,
"ULCERA EN EL DUODE",1,
"SORDERA",1,
"RELAJANTES",1,
"TROCANTERITIS",1,
"HIPOTIRAIDISME",1,
"PIORREA DENTAL",1,
"SINDROME WOLF PARKINSON WHITE",1,4267
"SINDROME DE CAROLI",1,
"SINDROME GILBERT",1,
"VITILIC",1,
"QUISTE RENAL",1,
"VASCULITIS",1,
"TENCIO",1,
"URICEMIA",1,
"QUISTE SACRE",1,
"PARA EL RINON",1,
"TIROIDES I COLESTEROL",1,
"SEQUEDAT VAGINAL",1,
"PARA LA REGLA",1,6269
"VESICULA",1,
"SARCOIDOSI",1,
"TOS FERINA",1,
"TRASTORN ANSIOS DEPRESSIU",1,
"ULCERA DUODE",1,
"TRANSTORN DE LA SON",1,
"REUMATISME INTERMITENT",1,
"QUIST SACRO",1,
"SIRINGOMELIA, KLINERFELTER, MERINGITIS VIRICA, FETGE INFLAMAT, NEUMONIES, HIPERSAMNIA AMB APNEAS DEL SON, CARDIOPATIA HIPERTENSIVA, ORELLA ESQUERRA OPERADA PERDUA AUDICIO I XIULETS DINTRE",1,
"RAMPAS",1,
"PREVENCIO COAGULS",1,
"RAYNAUD",1,
"TIROIDITIS SUBAGUDA",1,
"SARAMPION",1,
"YURELAX",1,
"POST INTERVENCIO QUIRURGICA",1,
"TENGO GASES",1,
"TINC UNA MICA D'INSOMNI",1,
"ROTURA MENISCO - DOLOR",1,
"RUIDO OIDOS",1,
"RUIDOS OIDO",1,
"PEL DOLOR DELS OSSOS",1,
"RYNAUD PRIMARI",1,
"POR PRESCRIPCIO MEDICA",1,
"SACROILIEITIS",1,
"SALUT GENERAL",1,
"PELO",1,
"IMNSOMNI",1,
"IMPLANT DENTAL",1,
"IMPULSIVIDAD",1,
"INALADO",1,
"COLIC NEFRITIC ( 2 ) I PUNTES D'ACID URIC ( 3 )",1,7880
"COLICOS RINON",1,
"ESPONDILITIS AXIAL",1,
"INFECCIO AL QUEXAL",1,
"NEURALGIA TRIGEMIN",1,7292
"PER BAIXA DE SERATONINA",1,
"XARELTO",1,
"TOS, ACIDESA ESTOMAC",1,53081
"VERTIGEN I NAS",1,
"TRANSTORN ALIMENTARI",1,
"PREVENIR HERPES SIMPLE",1,
"REFLUXES GASTRICS",1,
"STRESS EMOCIONAL",1,
"UN BULTO BENIGNA EN UNA MAMA",1,
"PRESSIO ALTA",1,
"PRESSIO ARTERIAL",1,
"SIMPTOMES PROSTATICS",1,
"INFECCION VIRICA",1,
"INFECCION VIRUS DEL PAPILOMA HUMANO",1,
"INFECCIOO ORINA",1,5990
"PERDUA DE PROTEINES PER ORINA",1,
"PERDUES D0ORINA",1,
"PERDUES ORINA",1,
"PER EL TIROIDES",1,
"SINDROME DE FARTIGA CRONICA.",1,
"PER FALTA DE FERRO, NOMES QUAN TINC LA REGLA",1,2809
"PER FORCAR LA ORINA",1,
"TRACTAMENT ACID URIC",1,
"SINDROME DE LAS PIERNAS INQUIETAS",1,33394
"SINDROME DE LES CAMES INQUIETES",1,33394
"PER INTERVENCIO QUIRURGICA DE GENOLL",1,
"SINDROME DE PIERNAS INQUIETAS",1,33394
"PERIODONTITIS",1,
"INFLAMACION LESION PIE",1,
"PERITONITIS",1,
"INFLAMACION PROSTATA",1,
"INFLAMACION TENDONES",1,
"INFLAMACION VERTEBRAS",1,
"PER LES CERVICALS",1,
"INSOMI",1,
"SINDROME INTESTI IRRITABLE I CREMORS",1,
"SINDROME MENIER",1,
"PREVINDRE MAL A LES ARTICULACIONS",1,
"TRANSTORNO ADAPTATIVO",1,
"RETENCIO LIQUIDS, PEL TRACTAMENT HORMONAL D'UTROGESTAN",1,
"WOLF-PARKINSON-WHITE",1,4267
"PROTECION DEL  ESTOMAGO",1,000
"REFORCAR DEFENSES",1,
"TRANSTORNS ALIMENTARIS",1,
"MENISC",1,
"INSUFICIENCIA VENOSA EXTREMITATS INFERIORS",1,
"TRASTORN D'ANGOIXA",1,
"RETINOPATIA SEROSA",1,
"QUISTES TIROIDES",1,
"SEROTONINA",1,
"ORMONAL",1,
"TUMOR GLANDULA PAROTIDA",1,
"TUMOR HIPOFISIARIO",1,
"NODULOS MAMARIOS PSEUDOANGIOMATOSI",1,
"REGULACION DE LA MENSTRUACION",1,6269
"REGULADOR INTESTINAL",1,
"TUNELMETACARPEANO",1,
"PICORS DE PELL",1,
"REGULAR CORAZON",1,
"RECUION DE ESTOMAGO",1,
"PROTUSION DISCAL",1,
"REGULAR MENSTRUACIO",1,6269
"REGULAR MESTRUACION",1,6269
"SOMNIFERO",1,
"PSA ALT",1,
"TENSION DESCOMPENSADA",1,
"REFLUJO ESOFAGICO",1,
"NERVIS ANSIETAT",1,
"PTI",1,
"PROTECCIO DIGESTIVA",1,000
"STRES",1,
"PROTECCIO ESTOMAG",1,000
"RELAXANT",1,
"PROTECCION",1,000
"RENITIS",1,
"OIDA",1,
"TROMBOPENIA",1,
"TIROEDES",1,
"TROMBOSIS",1,
"TROMBOSI VENOSA",1,
"TTRANSTORN LIMIT DE LA PERSONALITAT",1,
"POLIMIALGIA REUMATICA",1,
"TUBERCOLOSIS",1,01190
"TUBERCULOSI LATENT",1,01190
"POLIOMELITIS",1,
"RETINA",1,
"TUMOR AL OVARI",1,
"VALVULA MITRAL",1,
"SINDROME WPW",1,
"PERDIDAS DE ORINA",1,
"PRESIO OCULAR",1,36504
"LUMBALGIA/CIATICA",1,7242
"VEJIGA CONTRAIDA ( NO TERMINA EL VACIADO )",1,
"REGLES MOLT ABUNDANTS",1,6269
"NODULO TIROIDES",1,
"NODULO TIROIDES FRED",1,
"RECOMENDACION DIGESTIOLOGO",1,
"RECOMENDACION GINECOLOGO",1,
"VIES URINARIES",1,
"TRATAMIENTO",1,
"REDUCCION DE ESTOMAGO",1,V4586
"PRPOSTATA",1,
"ULCERA DUODENAL",1,
"NERVIO CIATICO AFECTADO",1,
"POLIQUISTOSI HEPATORENAL",1,
"TRACTAMENT FECUNDACIO IN VITRO",1,
"ULCUS",1,
"MANCA DE CALC",1,27540
"PREVENCIO OSTEOPOROSIS",1,
"""PORQUE SE DUERMEN""",1,
"POSIBLE INFECCIO",1,
"TESTOSTERONA",1,
"MALALTIES ESTOMAC",1,
"TIFOIDEA",1,
"PREACLAMPSIA GESTACIONAL",1,
"MAL DE CAP/DOLOR DORSAL",1,
"PREVENTIU PER EPISODIS D'INSOMNI DE FA DOS ANYS",1,
"URTICARIA IDIOPATICA",1,
"TIROIDECTOMIA PARCIAL BILATERAL",1,
"SECUELAS QUIMIO",1,
"TIROIDES AUTOINMUNE",1,
"PREMENOPAUSIA",1,6279
"MAL DE CAP /MALESTAR",1,
"MAL DE CAP, MALESTAR GENERAL",1,
"FOGOTS MENOPAUSIA",1,6279
"NEUROMA DE MORTON",1,
"TIROIDIS DE HASHIMOTO",1,
"NIC CERVIX",1,
"SINOSITIS",1,
"TRASTORN LIMIT DE LA PERSONALITAT",1,
"QUIST OVARIS",1,
"NODUL A LES TIROIDES",1,
"TRASTORNO COMPULSIVO ADAPTATIVO",1,
"TRASTORNO DE ANSIEDAD",1,
"TRASTORNO EMOCIONAL",1,
"PREVENCIO DESCALSIFICACIO OSEA",1,
"TITOIDES",1,
"SISTEMA NERVIOSO",1,
"MAL D'OSSOS, FARINGITIS",1,
"PREVENCIO HERNIA HIATO",1,
"TRAUMA",1,
"TPSV",1,
"TRAASPLANTE PULMONAR",1,
"REFLUFJO",1,
"VITAMINA CALCIO.",1,27540
"TRENCAMENT PARCIAL TENDO D'AQUILES",1,
"MANCA CALCI",1,27540
"REGURGITACIONS GASTROESOFAGIQUES",1,
"RUTURA COMPLETA DE MENISCO INTERNO RODILLA IZQUIERDA",1,
"MANCA VITAMINA",1,
"TRANSTORN",1,
"PREVENIR COLIC NEFRITIC",1,7880
"REFLUJO INTESTINAL",1,
"REFLUX D'ESTOMAG",1,
"VITAMINAS Y COLAGENO",1,
"TRANSTORN D?ANSIETAT GENERALITZADA",1,
"QUISTE OVARIO",1,
"PREVENTIVO",1,000
"VIRUS DEL PAPILOMA",1,
"VITAMINA D I CALC",1,27540
"ULCUS GASTRIC",1,
"TAQUICARDIA PAROXISTICA SUPRAVENTRICULAR CON MORFOLOGIA BRHH",1,
"QUISTES ENDIOMETROSIS",1,
"TAQUICARDIA SUPRAVENTRICULAR PAROXISTICA",1,
"TAQUICARDIES / BRADICARDIES",1,
"MOLESTIAS DE ORINA",1,
"TRASTORN BIPOLAR I HIPOTIROIDISME",1,29680
"TUMOR BENIGNO DE LA GLANDULA PARATIROIDEA",1,
"PARA LA VISTA",1,
"TUMOR BENIGNO DE PAROTIDA",1,
"TIROIDISMOEUROTIROXHIPER",1,
"TUMOR EN LA PAROTIDA",1,
"TIROIDITIS DE HASIMOTO",1,
"SINUCITIS",1,
"TENDINITIS AQUILES, BESSONS CURTS",1,
"PER VIT.D",1,
"PESADEZ DE PIERNAS",1,
"TRASTORN PER DEFICIT D'ATENCIO",1,
"TRATAMIENTO DENTAL",1,
"SOFOCACIONS",1,
"TRATAMIENTO TEMPORAL INFECCION",1,
"SOFOCOS DE LA MENOPAUSIA",1,6279
"NEFROPATIA IGA",1,
"QUISTE A L'OS DEL PEU (5E META.)",1,
"OVARIO POLIQUISTICO",1,
"VISTA CANSADA",1,
"ULCERA GASTRICA NO SAGNANT",1,
"TENSION DE LOS HOJOS",1,
"VITAMINA D MOLT BAIXA",1,2689
"OBSESIONS",1,
"NERVIS ESTOMAC",1,
"TROCANTERITS I PER UNA LESSIO AL MANGUITO DEL ROTADOR",1,
"NERVI TRIGEMI",1,
"QUERATOSIS ACTINICA",1,
"PIROSI",1,
"SUBSTITUCIO HORMONAL",1,
"PROTECCION DE CARTILAGO",1,73390
"OIDA (SORDERA)",1,
"REFLUX ESOFAGOGASTRIC",1,
"URTICARIES",1,
"REFLUX GASTRIC/ESOFAGITIS",1,
"SDRC",1,
"URTICARIA E FRIGORE",1,
"PRENTIVA",1,
"PREPARACION MATERNIDAD",1,
"MAL DE CAP, MENSTRUACIO",1,
"TBT II",1,
"SINDROME DE REINAU",1,
"PERQUE EM PRENC EL IBUPROFENO",1,
"PER QUE PRENC IBUPROFENO",1,
"PER REGULAR LA REGLA",1,6269
"QUIST OVARIC",1,
"VIRUS PAPIL?LOMA HUMA",1,
"TENDENCIA ESCORIOTICA",1,
"PREVENCIO CANCER PROSTATA",1,
"TIROIDITIS LINFOCITARIA",1,
"PERDUA DE OIDA",1,
"SINDROM DE LES CAMES INQUIETES",1,33394
"PERDUA D'OLOR",1,
"VITAMINAS YCALCIO",1,27540
"QUEMAZON EN LA BOCA",1,
"PREPARAR EMBARAZO",1,000
"PULSACIONES",1,
"TROMBO EN LA RETINA",1,
"PRURITO",1,
"TRACTAMENT PROFILACTIC",1,
"VITAMINA CAPILAR",1,
"TROMBOEMBOLISMO PULMONAL",1,
"ULCERA GASTRICA",1,
"QUISTES HEPATICOS",1,
"ULL SEC",1,
"NERVIS I L' ESTOMAC",1,
"PERITONITIS PER DIVERTICULITIS",1,
"PER L'ARDOR D'ESTOMAG",1,5369
"UN PROTECTOR",1,000
"NEUMONIES",1,
"SINDROME FATIGA CRONICA",1,
"SINDROME GUILLEM BARRE",1,3570
"TRACTAMENT REGENERACIO CARTILAG",1,73390
"INDUCCION SUENO",1,
"INFALAMCION RODILLA Y DOLOR CERVICAL",1,
"INFECCIO",1,
"TRANSTORNO SUENO",1,
"TAQUICARDIAS",1,
"SE ME DORMIA LA MANO",1,
"VEJIGA",1,
"TIROIDES UNA MICA LENTA",1,
"SEQUETAT VAGINAL",1,
"REFREDAT, MALESTAR",1,
"PROBLEMAS DE MEMORIA",1,
"ZUCAR",1,
"VARICES INTERNA",1,
"TUMOR CEREBRAL BENIGNO",1,
"SINTOMAS MENOPAUSIA",1,6279
"TIROIDITIS DE QUERVAIN",1,
"REGULACIO CICLE MENSTRUAL",1,6269
"SISTEMA IMUNITARI",1,
"SISTEMA INMUNOLOGICO",1,
"TUNEL CARPIANO",1,
"PROCTECTOR",1,
"SINDROME CAMAS INQUIETAS",1,33394
"SINDROME DE BEZHET",1,
"REDUCCION GASTRICA, BY PASS INTESTINAL",1,V4586
"REDUCIR PULSACIONES",1,
"SINDROME DE GUILLEM BARRE",1,
"TREMOLOR ESSENCIAL",1,
"REGULAR REGLA",1,6269
"REGULAR PERIODOS MENSTRUALES",1,6269
"VOLVULO DE CIEGO",1,
"SINDROME DE LYNCH",1,
"TRANQUILITZARME",1,
"PREVENCIO PROSTATA",1,
"REFLUJO G-ESOFAGICO",1,
"SINDROME DE REINAUD",1,
"SINDROME DE REYNOLDS",1,
"TRANSTORN ANSIEDAD",1,
"PEL SON",1,
"PELS OSSOS.",1,
"PEL VERTIGEN",1,7804
"OJOS TENSION",1,
"PEQUENAS AGNEAS",1,
"REGENERAR CARTILAGO",1,73390
"VITILIGEN",1,
"RETENCION DE LIPIDOS",1,
"REFORCA EL NERVI",1,
"PROBLEMAS DE ESTOMAGO",1,
"PER PROTEGIR L'ESTOMAG",1,
"INSUFICIENCIA VENOSA",1,
"QUISTES RENALES",1,
"INSUFICIENCI CARDIACA",1,
"INTESTINAL",1,
"TUMOR BENIGNO EN TIROIDES",1,
"TEMBLOR DE MANOS",1,
"REUMA I DOLOR",1,
"HIPERTIROIDISMO SUBCLINICO/NODULOS/BOCIO",1,
"PER UNS POLIPS",1,
"EXTRASISTOLES VENTRICULARES",1,
"IRRITACION DEI COLON",1,
"JAQUECAS",1,
"JARSE",1,
"VESICULA BILIAR",1,
"PICOS",1,
"PIEDRAS EN EL RINON",1,
"PIEDRAS EN LA VESICULA",1,
"PROSTAT, BUFETA",1,
"PROSTATIS",1,
"PRURITO CRONICO",1,
"SOMNOLENCIA DIURNA",1,
"TINNITUS/ACUFENOS",1,
"TRIGLICEDIS",1,
"PREVENCIO OSTEOPOROSI",1,
"PULMONIA",1,
"SPI",1,
"PAPANICOLAU",1,
"LINFEDEMA EEII",1,
"FARINGITIS CRONICA",1,
"LIPOMA INTRAMUSCULAR",1,
"PITIDO A L'OIDA",1,
"LIQUAR LA SANG",1,
"SUPORT: COLAGEN I MAGNESI",1,
"MIOMAS EN EL UTERO",1,
"HERNIA DE DISCO",1,
"TAQUICARDIA PAROXISTICA",1,
"POLICITEMIA VERA",1,
"RETENCION DE  LIQUIDOS",1,
"POLINEUROPATIA DIABETICA",1,
"POLIO",1,
"PROTECTOR DE ESTOMAC",1,000
"POLIP CORDES VOCALS",1,
"POLIP MATRIU",1,
"MOLESTIAS HEMORROIDES",1,
"MOLESTIES AL ESTOMAG",1,
"PARA NO DEPRIMIRME",1,
"MOLT SENSIBLE",1,
"SDME. PIERNAS INQUIETAS",1,33394
"POLIPOS UTERINOS",1,
"POLIPOS VESICULA",1,
"MAL D ESQUENA",1,7245
"PROTESIS VALVULA AORTICA",1,
"NARIZ",1,
"PREVENCIO ESTOMAC",1,000
"TURMELL",1,
"TUVERCULOSIS",1,
"PREVENCION CARDIOLOGICA",1,
"TENSIO?",1,
"NERVI CIATIC",1,
"VISION",1,
"PREBENIR DOLOR",1,
"SARCOPESIA",1,
"PEL GENOLL",1,
"PREVENCION PROBLEMAS OSEOS",1,
"TENSION Y RINON",1,
"TEP MASSIU BILATERAL",1,
"TERATOMA",1,
"SINDROME TUNEL CARPIANO",1,
"VERTIGS",1,7804
"PREVENCIO GLAUCOMA",1,
"TIC NERVIOS",1,
"SINDROME DE FATIGA CRONICA,OJOS SECOSFIBROMIALGIA,COLON IRRITABLE,ANSIEDAD,TDAH",1,
"ESPINA BIFIDA",1,
"ESPONDILITIS",1,
"SENSITIVITAT EMOCIONAL",1,
"SINDROME MENIERE",1,
"VTAMINA D",1,
"VPH",1,
"WPW",1,
"SARCOIDOSIS",1,
"SINDROME DEPRESSIU",1,
"MENSTRUACIONES",1,
"VHP",1,
"MANCA VIT.D",1,
"TUBERCOLOSI",1,01190
"PER LES SOFOCACIONS",1,
"SINOSITIS CRONICA",1,
"UVEITIS I CATARACTES CONGENITES",1,
"REFLUJO ESTOMACAL O ARDOR.",1,5369
"PERDUA CABELL",1,
"PER VARIES",1,
"RAMPA Y DOLOR",1,
"UBEAITIS",1,
"TIROIDITE HASHIMOTO",1,
"UVEITIS HIPERTENSIVA",1,
"TBC PULMONAR",1,
"UROLOGIA",1,
"YAGA ESTOMACAL",1,
"UVEITIS BAHCET",1,
"RELAX",1,
"T.O.C",1,
"TIROIDITIS HASHIMOTO",1,
"POLIPOS NASAL",1,
"VITAMINA PER LA VISTA",1,
"PROTUSSIO  L5",1,
"TIROIDESEUTIROX",1,
"PURPURA IDIOPATICA",1,
"VITAMINAS, VASCULARIZANTE",1,
"UNAS",1,
